漢字	音訓	例	備考
亜（亞）	ア	亜流，亜麻，亜熱帯	
哀	アイ	哀愁，哀願，悲哀	
哀	あわれ	哀れ，哀れな話，哀れがる	
哀	あわれむ	哀れむ，哀れみ	
挨	アイ	挨拶	
愛	アイ	愛情，愛読，恋愛	愛媛（えひめ）県
曖	アイ	曖昧	
悪（惡）	アク	悪事，悪意，醜悪	
悪（惡）	オ	悪寒，好悪，憎悪	
悪（惡）	わるい	悪い，悪さ，悪者	
握	アク	握手，握力，掌握	
握	にぎる	握る，握り，一握り	
圧（壓）	アツ	圧力，圧迫，気圧	
扱	あつかう	扱う，扱い，客扱い	
宛	あてる	宛てる，宛先	⇔当てる，充てる
嵐	あらし	嵐，砂嵐	
安	アン	安全，安価，不安	
安	やすい	安い，安らかだ	
案	アン	案文，案内，新案	
暗	アン	暗示，暗愚，明暗	
暗	くらい	暗い，暗がり	
以	イ	以上，以内，以後	
衣	イ	衣服，衣食住，作業衣	浴衣（ゆかた）
衣	ころも	衣，羽衣	
位	イ	位置，第一位，各位	「三位一体」，「従三位」は，「サンミイッタイ」，「ジュサンミ」。
位	くらい	位，位取り，位する	
囲（圍）	イ	囲碁，包囲，範囲	
囲（圍）	かこむ	囲む，囲み	
囲（圍）	かこう	囲う，囲い	
医（醫）	イ	医学，医療，名医	
依	イ	依頼，依拠，依然	
依	エ	帰依	
委	イ	委任，委員，委細	
委	ゆだねる	委ねる	
威	イ	威力，威圧，示威	
為（爲）	イ	為政者，行為，作為	為替（かわせ）
畏	イ	畏敬，畏怖	⇔恐れる
畏	おそれる	畏れる，畏れ	
胃	イ	胃腸，胃酸，胃弱	
尉	イ	尉官，一尉，大尉	
異	イ	異論，異同，奇異	
異	こと	異にする，異なる	
移	イ	移転，移民，推移	
移	うつる	移る，移り変わり	
移	うつす	移す	
萎	イ	萎縮	
萎	なえる	萎える	
偉	イ	偉大，偉人，偉観	
偉	えらい	偉い，偉ぶる	
椅	イ	椅子	
彙	イ	語彙	＊［（付）第２の３【剝】参照］
意	イ	意見，意味，決意	意気地（いくじ）
違	イ	違反，違法，相違	
違	ちがう	違う，違い，間違う	
違	ちがえる	違える，見違える，間違える	
維	イ	維持，維新，繊維	
慰	イ	慰安，慰問，慰労	
慰	なぐさめる	慰める，慰め	
慰	なぐさむ	慰む，慰み	
遺	イ	遺棄，遺産，遺失	「遺言」は，「イゴン」とも。
遺	ユイ	遺言	
緯	イ	緯度，北緯，経緯	
域	イキ	域内，地域，区域	
育	イク	育児，教育，発育	
育	そだつ	育つ，育ち	
育	そだてる	育てる，育て親	
育	はぐくむ	育む	
一	イチ	一度，一座，第一	一日（ついたち）
一	イツ	一般，同一，統一	一人（ひとり）
一	ひと	一息，一筋，一月目	
一	ひとつ	一つ	
壱（壹）	イチ	壱万円	
逸（逸）	イツ	逸話，逸品，逸する	
茨	いばら		茨城県
芋	いも	芋，里芋，焼き芋	
引	イン	引力，引退，索引	⇔弾く
引	ひく	引く，字引	
引	ひける	引ける	
印	イン	印刷，印象，調印	
印	しるし	印，目印，矢印	
因	イン	因果，原因，要因	
因	よる	因る，……に因る	
咽	イン	咽喉	
姻	イン	姻族，婚姻	
員	イン	満員，定員，社員	
院	イン	院内，議院，病院	
淫	イン	淫行，淫乱	＊［（付）第２の３参照］
淫	みだら	淫らだ	
陰	イン	陰気，陰性，光陰	⇔影
陰	かげ	陰，日陰	
陰	かげる	陰る，陰り	
飲	イン	飲料，飲食，痛飲	
飲	のむ	飲む，飲み水	
隠（隱）	イン	隠居，隠忍，隠語	
隠（隱）	かくす	隠す	
隠（隱）	かくれる	隠れる，雲隠れ	
韻	イン	韻律，韻文，音韻	
右	ウ	右岸，右折，右派	
右	ユウ	左右，座右	
右	みぎ	右，右手	
宇	ウ	宇宙，気宇，堂宇	
羽	ウ	羽毛，羽化，羽翼	「羽（は）」は，前に来る音によって「わ」，「ば」，「ぱ」になる。
羽	は	白羽の矢，一羽（わ），三羽（ば），六羽（ぱ）	
羽	はね	羽，羽飾り	
羽			
雨	ウ	雨量，降雨，梅雨	五月雨（さみだれ）
雨	あめ	雨，大雨	時雨（しぐれ）
雨	あま	雨雲，雨戸，雨具	梅雨（つゆ）
雨			「春雨」，「小雨」，「霧雨」などは，「はるさめ」，「こさめ」，「きりさめ」。
唄	うた	小唄，長唄	⇔歌
鬱	ウツ	憂鬱	
畝	うね	畝，畝間，畝織	
浦	うら	浦，津々浦々	
運	ウン	運動，運命，海運	
運	はこぶ	運ぶ	
雲	ウン	雲海，風雲，積乱雲	
雲	くも	雲，雲隠れ	
永	エイ	永続，永久，永遠	⇔長い
永	ながい	永い，日永	
泳	エイ	泳法，水泳，背泳	
泳	およぐ	泳ぐ，泳ぎ	
英	エイ	英雄，英断，俊英	
映	エイ	映画，上映，反映	
映	うつる	映る，映り	⇔写る
映	うつす	映す	⇔写す
映	はえる	映える，夕映え	⇔栄える
栄（榮）	エイ	栄枯，栄養，繁栄	
栄（榮）	さかえる	栄える，栄え	
栄（榮）	はえ	栄えある，見栄え，出来栄え	⇔映え
栄（榮）	はえる	栄える	⇔映える
営（營）	エイ	営業，経営，陣営	
営（營）	いとなむ	営む，営み	
詠	エイ	詠嘆，詠草，朗詠	⇔読む
詠	よむ	詠む	
影	エイ	影響，陰影，撮影	⇔陰
影	かげ	影，影絵，人影	
鋭	エイ	鋭利，鋭敏，精鋭	
鋭	するどい	鋭い，鋭さ	
衛（衞）	エイ	衛生，護衛，守衛	
易	エキ	易者，貿易，不易	
易	イ	容易，安易，難易	
易	やさしい	易しい，易しさ	
疫	エキ	疫病，悪疫，防疫	
疫	ヤク	疫病神	
益	エキ	有益，利益，益する	
益	ヤク	御利益	
液	エキ	液体，液状，血液	
駅（驛）	エキ	駅長，駅伝，貨物駅	
悦	エツ	悦楽，喜悦	
越	エツ	越境，超越，優越	
越	こす	越す，年越し	⇔超す
越	こえる	越える，山越え	⇔超える
謁（謁）	エツ	謁見，拝謁，謁する	
閲	エツ	閲覧，閲歴，校閲	
円（圓）	エン	円卓，円熟，一円	⇔丸い
円（圓）	まるい	円い，円さ，円み	
延	エン	延長，延期，遅延	
延	のびる	延びる	⇔伸びる
延	のべる	延べる，延べ	⇔伸べる
延	のばす	延ばす	⇔伸ばす
沿	エン	沿海，沿線，沿革	⇔添う
沿	そう	沿う，川沿い	
炎	エン	炎上，炎天，火炎	
炎	ほのお	炎	
怨	エン	怨恨	
怨	オン	怨念	
宴	エン	宴会，宴席，酒宴	
媛	エン	才媛	愛媛（えひめ）県
援	エン	援助，応援，声援	
園	エン	園芸，公園，楽園	
園	その	学びの園，花園	
煙	エン	煙突，煙霧，喫煙	
煙	けむる	煙る	
煙	けむり	煙	
煙	けむい	煙い，煙たい，煙たがる	
猿	エン	野猿，類人猿，犬猿の仲	
猿	さる	猿	
遠	エン	遠近，永遠，敬遠	
遠	オン	久遠	
遠	とおい	遠い，遠出，遠ざかる	
鉛	エン	鉛筆，亜鉛，黒鉛	
鉛	なまり	鉛，鉛色	
塩（鹽）	エン	塩分，塩酸，食塩	
塩（鹽）	しお	塩，塩辛い	
演	エン	演技，演奏，講演	
縁（緣）	エン	縁故，縁日，血縁	「因縁」は，「インネン」。
縁（緣）	ふち	縁，縁取り，額縁	
艶（艷）	エン	妖艶	
艶（艷）	つや	艶，色艶	
汚	オ	汚点，汚物，汚名	
汚	けがす	汚す	
汚	けがれる	汚れる，汚れ	
汚	けがらわしい	汚らわしい	
汚	よごす	汚す，口汚し	
汚	よごれる	汚れる，汚れ，汚れ物	
汚	きたない	汚い，汚らしい	
王	オウ	王子，帝王	「親王」，「勤王」などは，「シンノウ」，「キンノウ」。
凹	オウ	凹凸，凹面鏡，凹レンズ	凸凹（でこぼこ）
央	オウ	中央	
応（應）	オウ	応答，応用，呼応	「反応」，「順応」などは，「ハンノウ」，「ジュンノウ」。
応（應）			⇔答える
応（應）	こたえる	応える	
往	オウ	往復，往来，既往症	
押	オウ	押収，押印，押韻	
押	おす	押す，押し	⇔推す
押	おさえる	押さえる，押さえ	⇔抑える
旺	オウ	旺盛	
欧（歐）	オウ	欧文，西欧，渡欧	
殴（毆）	オウ	殴打	
殴（毆）	なぐる	殴る	
桜（櫻）	オウ	桜花，観桜	
桜（櫻）	さくら	桜，桜色，葉桜	
翁	オウ	老翁	
奥（奧）	オウ	奥義，深奥	「奥義」は，「おくギ」とも。
奥（奧）	おく	奥，奥底，奥さん	
横（橫）	オウ	横断，横領，専横	
横（橫）	よこ	横，横顔，横たわる	
岡	おか		岡山県，静岡県，福岡県
屋	オク	屋上，屋外，家屋	
屋	や	屋根，花屋，楽屋	母屋（おもや）
屋			部屋（へや）
屋			⇔家
億	オク	億万，一億	
憶	オク	記憶，追憶	
臆	オク	臆説，臆測，臆病	「臆説」，「臆測」は，
臆			「憶説」，「憶測」とも書く。
虞	おそれ	虞	
乙	オツ	乙種，甲乙	乙女（おとめ）
俺	おれ	俺	
卸	おろす	卸す	⇔下ろす，降ろす
卸	おろし	卸，卸商	
音	オン	音楽，発音，騒音	「観音」は，「カンノン」。
音	イン	福音，母音	
音	おと	音，物音	
音	ね	音，音色	
恩	オン	恩情，恩人，謝恩	
温（溫）	オン	温暖，温厚，気温	
温（溫）	あたたか	温かだ	⇔暖か
温（溫）	あたたかい	温かい	⇔暖かい
温（溫）	あたたまる	温まる	⇔暖まる
温（溫）	あたためる	温める	⇔暖める
穏（穩）	オン	穏和，穏当，平穏	「安穏」は，「アンノン」。
穏（穩）	おだやか	穏やかだ	
下	カ	下流，下降，落下	下手（へた）
下	ゲ	下水，下車，上下	
下	した	下，下見	
下	しも	下，川下	
下	もと	下，足下	⇔元，本，基
下	さげる	下げる	⇔提げる
下	さがる	下がる	
下	くだる	下る，下り	
下	くだす	下す	
下	くださる	下さる	
下	おろす	下ろす，書き下ろす	⇔卸す，降ろす
下	おりる	下りる	⇔降りる
化	カ	化石，化学，文化	
化	ケ	化粧，化身，権化	
化	ばける	化ける，お化け	
化	ばかす	化かす	
火	カ	火災，灯火，発火	⇔灯
火	ひ	火，火花，炭火	
火	ほ	火影	
加	カ	加入，加減，追加	
加	くわえる	加える	
加	くわわる	加わる	
可	カ	可否，可能，許可	
仮（假）	カ	仮面，仮定，仮装	仮名（かな）
仮（假）	ケ	仮病	
仮（假）	かり	仮の住まい，仮に，仮処分	
何	カ	幾何学	
何	なに	何，何者，何事	
何	なん	何本，何十，何点	
花	カ	花弁，花壇，落花	⇔華
花	はな	花，花火，草花	
佳	カ	佳作，佳人，絶佳	
価（價）	カ	価値，価格，評価	⇔値
価（價）	あたい	価	
果	カ	果実，果断，結果	果物（くだもの）
果	はたす	果たす，果たして〔副〕	
果	はてる	果てる	
果	はて	果て	
河	カ	河川，河口，運河	河岸（かし）
河			河原（かわら）
河	かわ	河	⇔川
苛	カ	苛酷，苛烈	
科	カ	科学，教科，罪科	
架	カ	架橋，架空，書架	
架	かける	架ける	⇔掛ける，懸ける，賭ける
架	かかる	架かる	⇔掛かる，懸かる
夏	カ	夏季，初夏，盛夏	
夏	ゲ	夏至	
夏	なつ	夏，夏服，真夏	
家	カ	家屋，家庭，作家	
家	ケ	家来，本家，分家	
家	いえ	家，家柄，家元	
家	や	家主，借家	母家（おもや）
家			⇔屋
荷	カ	出荷，入荷	
荷	に	荷，荷物，初荷	
華	カ	華美，繁華，栄華	⇔花
華	ケ	香華，散華	
華	はな	華やかだ，華やぐ，華々しい	
菓	カ	菓子，製菓，茶菓	
貨	カ	貨物，貨幣，通貨	
渦	カ	渦中	
渦	うず	渦，渦潮，渦巻く	
過	カ	過度，過失，通過	
過	すぎる	過ぎる，昼過ぎ	
過	すごす	過ごす	
過	あやまつ	過つ	
過	あやまち	過ち	
嫁	カ	再嫁，転嫁，嫁する	
嫁	よめ	嫁，花嫁	
嫁	とつぐ	嫁ぐ，嫁ぎ先	
暇	カ	余暇，休暇，寸暇	
暇	ひま	暇，暇な時	
禍（禍）	カ	禍福，禍根，災禍	
靴	カ	製靴	
靴	くつ	靴，靴下，革靴	
寡	カ	寡黙，寡婦，多寡	
歌	カ	歌曲，唱歌，短歌	
歌	うた	歌	⇔唄
歌	うたう	歌う	⇔謡う
箇	カ	箇条，箇所	
稼	カ	稼業，稼働	
稼	かせぐ	稼ぐ，稼ぎ	
課	カ	課，日課，課する	
蚊	か	蚊，蚊柱，やぶ蚊	蚊帳（かや）
牙	ガ	牙城，歯牙	
牙	ゲ	象牙	
牙	きば	牙	
瓦	ガ	瓦解	
瓦	かわら	瓦，瓦屋根	
我	ガ	我流，彼我，自我	
我	われ	我，我々，我ら	
我	わ	我が国	
画（畫）	ガ	画家，図画，映画	
画（畫）	カク	画期的，計画，区画	
芽	ガ	発芽，麦芽，肉芽	
芽	め	芽，芽生える，新芽	
賀	ガ	賀状，祝賀，賀する	
雅	ガ	雅趣，優雅，風雅	
餓	ガ	餓死，餓鬼，飢餓	
介	カイ	介入，紹介，介する	
回	カイ	回答，転回，次回	⇔周り
回	エ	回向	
回	まわる	回る，回り，回り道	
回	まわす	回す，手回し	
灰	カイ	灰白色，石灰	
灰	はい	灰，灰色，火山灰	
会（會）	カイ	会話，会計，社会	⇔合う，遭う
会（會）	エ	会釈，会得，法会	
会（會）	あう	会う	
快	カイ	快活，快晴，明快	
快	こころよい	快い	
戒	カイ	戒心，戒律，警戒	
戒	いましめる	戒める，戒め	
改	カイ	改造，改革，更改	
改	あらためる	改める，改めて〔副〕	
改	あらたまる	改まる	
怪	カイ	怪談，怪物，奇怪	⇔妖しい
怪	あやしい	怪しい，怪しげだ	
怪	あやしむ	怪しむ	
拐	カイ	拐帯，誘拐	
悔（悔）	カイ	悔恨，後悔	
悔（悔）	くいる	悔いる，悔い	
悔（悔）	くやむ	悔やむ，お悔やみ	
悔（悔）	くやしい	悔しい，悔しがる	
海（海）	カイ	海岸，海水浴，航海	海女・海士（あま）
海（海）	うみ	海，海鳴り	海原（うなばら）
界	カイ	境界，限界，世界	
皆	カイ	皆無，皆勤，皆出席	
皆	みな	皆，皆さん	
械	カイ	機械	
絵（繪）	カイ	絵画	
絵（繪）	エ	絵本，絵図，口絵	
開	カイ	開始，開拓，展開	
開	ひらく	開く，川開き	
開	ひらける	開ける	
開	あく	開く	⇔空く，明く
開	あける	開ける，開けたて	⇔空ける，明ける
階	カイ	階段，階級，地階	
塊	カイ	塊状，山塊	
塊	かたまり	塊	
楷	カイ	楷書	
解	カイ	解決，解禁，理解	
解	ゲ	解脱，解熱剤，解毒剤	
解	とく	解く	⇔溶く
解	とかす	解かす	⇔溶かす
解	とける	解ける	⇔溶ける
潰	カイ	潰瘍	
潰	つぶす	潰す	
潰	つぶれる	潰れる	
壊（壞）	カイ	壊滅，破壊，決壊	
壊（壞）	こわす	壊す	
壊（壞）	こわれる	壊れる	
懐（懷）	カイ	懐中，懐古，述懐	
懐（懷）	ふところ	懐，懐手，内懐	
懐（懷）	なつかしい	懐かしい	
懐（懷）	なつかしむ	懐かしむ	
懐（懷）	なつく	懐く	
懐（懷）	なつける	懐ける	
諧	カイ	俳諧	
貝	かい	貝，貝細工，ほら貝	
外	ガイ	外出，海外，除外	⇔他
外	ゲ	外科，外題，外道	
外	そと	外，外囲い	
外	ほか	外，その外	
外	はずす	外す，踏み外す	
外	はずれる	外れる，町外れ	
劾	ガイ	弾劾	
害	ガイ	害悪，被害，損害	
崖	ガイ	断崖	
崖	がけ	崖下	
涯	ガイ	生涯	
街	ガイ	街頭，市街，商店街	⇔町
街	カイ	街道	
街	まち	街，街角	
慨（慨）	ガイ	慨嘆，憤慨，感慨	
蓋	ガイ	頭蓋骨	
蓋	ふた	蓋，火蓋	
該	ガイ	該当，該博，当該	
概（槪）	ガイ	概念，大概，概して	
骸	ガイ	形骸化，死骸	
垣	かき	垣，垣根	
柿	かき	柿	
各	カク	各自，各種，各位	「各々」とも書く。
各	おのおの	各	
角	カク	角度，三角，頭角	
角	かど	角，街角，四つ角	
角	つの	角，角笛	
拡（擴）	カク	拡大，拡張，拡声器	
革	カク	革新，改革，皮革	⇔皮
革	かわ	革，革靴	
格	カク	格式，規格，性格	
格	コウ	格子	
核	カク	核心，核反応，結核	
殻（殼）	カク	甲殻，地殻	
殻（殼）	から	殻，貝殻	
郭	カク	城郭，外郭，輪郭	
覚（覺）	カク	覚悟，知覚，発覚	
覚（覺）	おぼえる	覚える，覚え	
覚（覺）	さます	覚ます，目覚まし	
覚（覺）	さめる	覚める，目覚め	
較	カク	比較	
隔	カク	隔離，隔月，間隔	
隔	へだてる	隔てる，隔て	
隔	へだたる	隔たる，隔たり	
閣	カク	閣議，閣僚，内閣	
確	カク	確定，確認，正確	
確	たしか	確かだ，確かさ	
確	たしかめる	確かめる	
獲	カク	獲得，捕獲，漁獲高	⇔得る
獲	える	獲る，獲物	
嚇	カク	威嚇	
穫	カク	収穫	
学（學）	ガク	学習，科学，大学	
学（學）	まなぶ	学ぶ	
岳（嶽）	ガク	岳父，山岳	
岳（嶽）	たけ	○○岳	
楽（樂）	ガク	楽隊，楽器，音楽	神楽（かぐら）
楽（樂）	ラク	楽園，快楽，娯楽	
楽（樂）	たのしい	楽しい，楽しさ，楽しげだ	
楽（樂）	たのしむ	楽しむ	
額	ガク	額縁，金額，前額部	
額	ひたい	額	
顎	ガク	顎関節	
顎	あご	顎	
掛	かける	掛ける	⇔懸ける，架ける，賭ける
掛	かかる	掛かる	⇔係る，懸かる，架かる
掛	かかり	掛	⇔係
潟	かた	干潟，○○潟	
括	カツ	括弧，一括，包括	
活	カツ	活動，活力，生活	
喝（喝）	カツ	喝破，一喝，恐喝	
渇（渴）	カツ	渇望，渇水	⇔乾く
渇（渴）	かわく	渇く，渇き	
割	カツ	割愛，割拠，分割	⇔裂く
割	わる	割る	
割	わり	割がいい，割合，割に，五割	
割	われる	割れる，ひび割れ	
割	さく	割く	
葛	カツ	葛藤	＊［（付）第２の３参照］
葛	くず	葛，葛湯	
滑	カツ	滑走，滑降，円滑	
滑	コツ	滑稽	
滑	すべる	滑る，滑り	
滑	なめらか	滑らかだ	
褐（褐）	カツ	褐色，茶褐色	
轄	カツ	管轄，所轄，直轄	
且	かつ	且つ	
株	かぶ	株，株式	
釜	かま	釜	
鎌	かま	鎌，鎌倉時代	
刈	かる	刈る，刈り入れ	
干	カン	干渉，干潮，若干	
干	ほす	干す，干し物	
干	ひる	干上がる，干物，潮干狩り	
刊	カン	刊行，発刊，週刊	
甘	カン	甘言，甘受，甘味料	
甘	あまい	甘い，甘み	
甘	あまえる	甘える	
甘	あまやかす	甘やかす	
汗	カン	汗顔，発汗	
汗	あせ	汗，汗ばむ	
缶（罐）	カン	缶，缶詰，製缶	
完	カン	完全，完成，未完	
肝	カン	肝臓，肝胆，肝要	
肝	きも	肝，肝っ玉	
官	カン	官庁，官能，教官	
冠	カン	冠詞，王冠，栄冠	
冠	かんむり	冠	
巻（卷）	カン	巻頭，圧巻，一巻	
巻（卷）	まく	巻く，巻き貝	
巻（卷）	まき	巻の一	
看	カン	看護，看破，看板	
陥（陷）	カン	陥落，陥没，欠陥	
陥（陷）	おちいる	陥る	
陥（陷）	おとしいれる	陥れる	
乾	カン	乾燥，乾杯，乾電池	⇔渇く
乾	かわく	乾く	
乾	かわかす	乾かす	
勘	カン	勘弁，勘当	
患	カン	患者，疾患	⇔煩う
患	わずらう	患う，長患い	
貫	カン	貫通，縦貫，尺貫法	
貫	つらぬく	貫く	
寒	カン	寒暑，寒村，厳寒	
寒	さむい	寒い，寒がる，寒空	
喚	カン	喚問，召喚，叫喚	
堪	カン	堪忍，堪能	「堪能」は，「タンノウ」とも。
堪	たえる	堪える	⇔耐える
換	カン	換気，換算，交換	
換	かえる	換える	⇔代える，替える，変える
換	かわる	換わる	⇔代わる，替わる，変わる
敢	カン	敢然，果敢，勇敢	
棺	カン	棺おけ，石棺，出棺	
款	カン	定款，借款，落款	
間	カン	間隔，中間，時間	
間	ケン	世間，人間	
間	あいだ	間，間柄	
間	ま	間，間違う，客間	
閑	カン	閑静，閑却，繁閑	
勧（勸）	カン	勧誘，勧奨，勧告	⇔進める，薦める
勧（勸）	すすめる	勧める，勧め	
寛（寬）	カン	寛大，寛容，寛厳	
幹	カン	幹線，幹事，根幹	
幹	みき	幹	
感	カン	感心，感覚，直感	
漢（漢）	カン	漢字，漢語，門外漢	
慣	カン	慣例，慣性，習慣	
慣	なれる	慣れる，慣れ	
慣	ならす	慣らす	
管	カン	管理，管制，鉄管	
管	くだ	管	
関（關）	カン	関節，関係，関する	
関（關）	せき	関，関取，関の山	
関（關）	かかわる	関わる，関わり	
歓（歡）	カン	歓迎，歓声，交歓	
監	カン	監視，監督，総監	
緩	カン	緩和，緩慢，緩急	
緩	ゆるい	緩い	
緩	ゆるやか	緩やかだ	
緩	ゆるむ	緩む，緩み	
緩	ゆるめる	緩める	
憾	カン	遺憾	
還	カン	還元，生還，返還	
館	カン	館内，旅館，図書館	
館	やかた	館	
環	カン	環状，環境，循環	
簡	カン	簡単，簡易，書簡	
観（觀）	カン	観察，客観，壮観	
韓	カン	韓国	
艦	カン	艦船，艦隊，軍艦	
鑑	カン	鑑賞，鑑定，年鑑	
鑑	かんがみる	鑑みる	
丸	ガン	丸薬，弾丸，砲丸	⇔円い
丸	まる	丸，丸太，丸洗い	
丸	まるい	丸い，丸み，丸さ	
丸	まるめる	丸める	
含	ガン	含有，含蓄，包含	
含	ふくむ	含む，含み	
含	ふくめる	含める	
岸	ガン	岸壁，対岸，彼岸	河岸（かし）
岸	きし	岸，向こう岸	
岩	ガン	岩石，岩塩，火成岩	
岩	いわ	岩，岩場	
玩	ガン	玩具，愛玩	
眼	ガン	眼球，眼力，主眼	眼鏡（めがね）
眼	ゲン	開眼	
眼	まなこ	眼，どんぐり眼，血眼	
頑	ガン	頑強，頑健，頑固	
顔	ガン	顔面，童顔，厚顔	笑顔（えがお）
顔	かお	顔，横顔，したり顔	
願	ガン	願望，祈願，志願	
願	ねがう	願う，願い，願わしい	
企	キ	企画，企図，企業	
企	くわだてる	企てる，企て	
伎	キ	歌舞伎	
危	キ	危険，危害，安危	
危	あぶない	危ない，危ながる	
危	あやうい	危うい，危うく	
危	あやぶむ	危ぶむ	
机	キ	机上，机辺	
机	つくえ	机	
気（氣）	キ	気体，気候，元気	意気地（いくじ）
気（氣）	ケ	気配，気色ばむ，火の気	浮気（うわき）
岐	キ	岐路，分岐，多岐	岐阜（ぎふ）県
希	キ	希望，希少，希薄	
忌	キ	忌避，忌中，禁忌	
忌	いむ	忌む	
忌	いまわしい	忌まわしい	
汽	キ	汽車，汽船，汽笛	
奇	キ	奇襲，奇数，珍奇	数奇屋（すきや）
祈（祈）	キ	祈願，祈念	
祈（祈）	いのる	祈る，祈り	
季	キ	季節，四季，雨季	
紀	キ	紀行，紀元，風紀	
軌	キ	軌道，広軌，常軌	
既（既）	キ	既成，既婚，既往症	
既（既）	すでに	既に	
記	キ	記入，記号，伝記	
記	しるす	記す	
起	キ	起立，起源，奮起	
起	おきる	起きる，早起き	
起	おこる	起こる	⇔興る
起	おこす	起こす	⇔興す
飢	キ	飢餓	
飢	うえる	飢える，飢え	
鬼	キ	鬼神，鬼才，餓鬼	
鬼	おに	鬼，鬼ごっこ，赤鬼	
帰（歸）	キ	帰還，帰納，復帰	
帰（歸）	かえる	帰る，帰り	⇔返る
帰（歸）	かえす	帰す	⇔返す
基	キ	基礎，基準，基地	⇔下，元，本
基	もと	基，基づく	
基	もとい	基	
寄	キ	寄宿，寄贈，寄港	数寄屋（すきや）
寄	よる	寄る，近寄る，身寄り	最寄り（もより）
寄	よせる	寄せる，人寄せ	寄席（よせ）
規	キ	規則，規律，定規	
亀（龜）	キ	亀裂	
亀（龜）	かめ	亀	
喜	キ	喜劇，悲喜，歓喜	
喜	よろこぶ	喜ぶ，喜び，喜ばしい	
幾	キ	幾何学	
幾	いく	幾つ，幾ら，幾日	
揮	キ	揮発油，指揮，発揮	
期	キ	期間，期待，予期	
期	ゴ	最期，この期に及んで	
棋	キ	棋士，棋譜，将棋	
貴	キ	貴重，貴下，騰貴	
貴	たっとい	貴い	⇔尊い
貴	とうとい	貴い	⇔尊い
貴	たっとぶ	貴ぶ	⇔尊ぶ
貴	とうとぶ	貴ぶ	⇔尊ぶ
棄	キ	棄権，放棄，遺棄	
毀	キ	毀損，毀誉	
旗	キ	旗手，旗艦，国旗	
旗	はた	旗，旗色，手旗	
器（器）	キ	器量，器用，陶器	
器（器）	うつわ	器	
畿	キ	畿内，近畿	
輝	キ	輝石，光輝	
輝	かがやく	輝く，輝き，輝かしい	
機	キ	機械，機会，危機	
機	はた	機，機織り	
騎	キ	騎士，騎馬，一騎当千	
技	ギ	技術，技師，特技	⇔業
技	わざ	技	
宜	ギ	適宜，便宜	
偽（僞）	ギ	偽名，真偽，虚偽	
偽（僞）	いつわる	偽る，偽り	
偽（僞）	にせ	偽，偽物，偽札	
欺	ギ	詐欺	
欺	あざむく	欺く	
義	ギ	義理，意義，正義	
疑	ギ	疑念，疑問，容疑	
疑	うたがう	疑う，疑い，疑わしい	
儀	ギ	儀式，威儀，地球儀	
戯（戲）	ギ	戯曲，遊戯，児戯	
戯（戲）	たわむれる	戯れる，戯れ	
擬	ギ	擬音，擬人法，模擬	
犠（犧）	ギ	犠牲，犠打	
議	ギ	議論，会議，異議	
菊	キク	菊，菊花，白菊	
吉	キチ	吉日，吉例，大吉	「吉日」は，「キツジツ」とも。
吉	キツ	吉報，不吉	
喫	キツ	喫煙，満喫，喫する	
詰	キツ	詰問，難詰，面詰	
詰	つめる	詰める，詰め物	
詰	つまる	詰まる，行き詰まる	
詰	つむ	詰む，詰み	
却	キャク	却下，退却，売却	
客	キャク	客間，客車，乗客	
客	カク	客死，主客，旅客	
脚	キャク	脚部，脚本，三脚	⇔足
脚	キャ	脚立，行脚	
脚	あし	脚，机の脚	
逆	ギャク	逆上，逆転，順逆	
逆	さか	逆立つ，逆さ，逆さま	
逆	さからう	逆らう	
虐	ギャク	虐待，虐殺，残虐	
虐	しいたげる	虐げる	
九	キュウ	九百，三拝九拝	
九	ク	九分九厘，九月	
九	ここの	九日，九重	
九	ここのつ	九つ	
久	キュウ	永久，持久，耐久	
久	ク	久遠	
久	ひさしい	久しい，久々	
及	キュウ	及第，追及，普及	
及	およぶ	及ぶ，及び腰	
及	および	及び〔接〕	
及	およぼす	及ぼす	
弓	キュウ	弓道，弓状，洋弓	
弓	ゆみ	弓，弓矢	
丘	キュウ	丘陵，砂丘	
丘	おか	丘	
旧（舊）	キュウ	旧道，新旧，復旧	
休	キュウ	休止，休憩，定休	
休	やすむ	休む，休み	
休	やすまる	休まる	
休	やすめる	休める，気休め	
吸	キュウ	吸収，吸入，呼吸	
吸	すう	吸う	
朽	キュウ	不朽，老朽，腐朽	
朽	くちる	朽ちる	
臼	キュウ	臼歯，脱臼	
臼	うす	石臼	
求	キュウ	求職，要求，追求	
求	もとめる	求める，求め	
究	キュウ	究明，研究，学究	⇔窮める，極める
究	きわめる	究める	
泣	キュウ	号泣，感泣	
泣	なく	泣く，泣き沈む	
急	キュウ	急速，急務，緊急	
急	いそぐ	急ぐ，急ぎ	
級	キュウ	等級，上級，階級	
糾	キュウ	糾弾，紛糾	
宮	キュウ	宮殿，宮廷，離宮	
宮	グウ	宮司，神宮，東宮	
宮	ク		「宮内庁」などと使う。
宮	みや	宮，宮様	
救	キュウ	救助，救援，救急	
救	すくう	救う，救い	
球	キュウ	球形，球技，地球	⇔玉，弾
球	たま	球	
給	キュウ	給水，配給，月給	
嗅	キュウ	嗅覚	＊［（付）第２の３参照］
嗅	かぐ	嗅ぐ	
窮	キュウ	窮極，窮屈，困窮	
窮	きわめる	窮める	⇔究める，極める
窮	きわまる	窮まる	⇔極まる
牛	ギュウ	牛馬，牛乳，闘牛	
牛	うし	牛	
去	キョ	去年，去就，除去	
去	コ	過去	
去	さる	去る，去る○日	
巨	キョ	巨大，巨匠，巨万	
居	キョ	居住，居室，住居	居士（こじ）
居	いる	居る，芝居	
拒	キョ	拒絶，拒否	
拒	こばむ	拒む	
拠（據）	キョ	拠点，占拠，根拠	
拠（據）	コ	証拠	
挙（擧）	キョ	挙手，挙国，壮挙	
挙（擧）	あげる	挙げる，挙げて〔副〕	⇔上げる，揚げる
挙（擧）	あがる	挙がる	⇔上がる，揚がる
虚（虛）	キョ	虚無，虚偽，空虚	
虚（虛）	コ	虚空，虚無僧	
許	キョ	許可，許諾，特許	
許	ゆるす	許す，許し	
距	キョ	距離	
魚	ギョ	魚類，金魚，鮮魚	雑魚（ざこ）
魚	うお	魚，魚市場	
魚	さかな	魚，魚屋，煮魚	
御	ギョ	御者，制御	
御	ゴ	御飯，御用，御殿	
御	おん	御中，御礼	
漁	ギョ	漁業，漁船，漁村	「猟」の字音の転用。
漁	リョウ	漁師，大漁，不漁	
凶	キョウ	凶悪，凶作，吉凶	
共	キョウ	共同，共通，公共	
共	とも	共に，共々，共食い	
叫	キョウ	叫喚，絶叫	
叫	さけぶ	叫ぶ，叫び	
狂	キョウ	狂気，狂言，熱狂	
狂	くるう	狂う	
狂	くるおしい	狂おしい	
京	キョウ	京風，上京，帰京	「京浜」，「京阪」などと使う。
京	ケイ		
享	キョウ	享有，享受，享楽	
供	キョウ	供給，提供，自供	⇔備える
供	ク	供物，供養	
供	そなえる	供える，お供え	
供	とも	供，子供	
協	キョウ	協力，協会，妥協	
況	キョウ	状況，実況，概況	
峡（峽）	キョウ	峡谷，地峡，海峡	
挟（挾）	キョウ	挟撃	
挟（挾）	はさむ	挟む	
挟（挾）	はさまる	挟まる	
狭（狹）	キョウ	狭量，広狭，偏狭	
狭（狹）	せまい	狭い，狭苦しい	
狭（狹）	せばめる	狭める	
狭（狹）	せばまる	狭まる	
恐	キョウ	恐怖，恐縮，恐慌	⇔畏れる
恐	おそれる	恐れる，恐れ，恐らく	
恐	おそろしい	恐ろしい	
恭	キョウ	恭賀，恭順	
恭	うやうやしい	恭しい	
胸	キョウ	胸囲，胸中，度胸	
胸	むね	胸	
胸	むな	胸板，胸毛，胸騒ぎ	
脅	キョウ	脅迫，脅威	
脅	おびやかす	脅かす	
脅	おどす	脅す，脅し，脅し文句	
脅	おどかす	脅かす	
強	キョウ	強弱，強要，勉強	
強	ゴウ	強引，強情，強盗	
強	つよい	強い，強がる	
強	つよまる	強まる	
強	つよめる	強める	
強	しいる	強いる，無理強い	
教	キョウ	教育，教訓，宗教	
教	おしえる	教える，教え	
教	おそわる	教わる	
郷（鄕）	キョウ	郷里，郷土，異郷	
郷（鄕）	ゴウ	郷士，近郷，在郷	
境	キョウ	境界，境地，逆境	
境	ケイ	境内	
境	さかい	境，境目	
橋	キョウ	橋脚，鉄橋，歩道橋	
橋	はし	橋，丸木橋	
矯	キョウ	矯正，奇矯	
矯	ためる	矯める，矯め直す	
鏡	キョウ	鏡台，望遠鏡，反射鏡	眼鏡（めがね）
鏡	かがみ	鏡	
競	キョウ	競争，競技，競泳	
競	ケイ	競馬，競輪	
競	きそう	競う	
競	せる	競る，競り合う	
響（響）	キョウ	音響，影響，交響楽	
響（響）	ひびく	響く，響き	
驚	キョウ	驚異，驚嘆	
驚	おどろく	驚く，驚き	
驚	おどろかす	驚かす	
仰	ギョウ	仰視，仰天，仰角	
仰	コウ	信仰	
仰	あおぐ	仰ぐ	
仰	おおせ	仰せ	
暁（曉）	ギョウ	暁天，今暁，通暁	
暁（曉）	あかつき	暁	
業	ギョウ	業績，職業，卒業	⇔技
業	ゴウ	業病，罪業，自業自得	
業	わざ	業，仕業，早業	
凝	ギョウ	凝固，凝結，凝視	
凝	こる	凝る，凝り性	
凝	こらす	凝らす	
曲	キョク	曲線，曲面，名曲	
曲	まがる	曲がる	
曲	まげる	曲げる	
局	キョク	局部，時局，結局	
極	キョク	極限，終極，積極的	
極	ゴク	極上，極秘，至極	
極	きわめる	極める，極め付き，極めて〔副〕	⇔究める，窮める
極			
極	きわまる	極まる，極まり	⇔窮まる
極	きわみ	極み	
玉	ギョク	玉座，玉石，宝玉	⇔球，弾
玉	たま	玉，目玉	
巾	キン	頭巾，雑巾	
斤	キン	斤量	
均	キン	均等，均一，平均	
近	キン	近所，近代，接近	
近	ちかい	近い，近づく，近道	
金	キン	金属，金銭，純金	
金	コン	金色，金剛力，黄金	
金	かね	金，金持ち，針金	
金	かな	金物，金具，金縛り	
菌	キン	細菌，殺菌，保菌者	
勤（勤）	キン	勤務，勤勉，出勤	
勤（勤）	ゴン	勤行	
勤（勤）	つとめる	勤める，勤め	⇔努める，務める
勤（勤）	つとまる	勤まる	⇔務まる
琴	キン	琴線，木琴，手風琴	
琴	こと	琴	
筋	キン	筋肉，筋骨，鉄筋	
筋	すじ	筋，筋書，大筋	
僅	キン	僅差	＊［（付）第２の３参照］
僅	わずか	僅かだ	
禁	キン	禁止，禁煙，厳禁	
緊	キン	緊張，緊密，緊急	
錦	キン	錦秋	
錦	にしき	錦絵	
謹（謹）	キン	謹慎，謹賀，謹呈	⇔慎む
謹（謹）	つつしむ	謹む，謹んで〔副〕	
襟	キン	襟度，開襟，胸襟	
襟	えり	襟，襟首	
吟	ギン	吟味，詩吟，苦吟	
銀	ギン	銀貨，銀行，水銀	
区（區）	ク	区別，区々，地区	
句	ク	句集，字句，節句	
苦	ク	苦心，苦労，辛苦	
苦	くるしい	苦しい，苦しがる，見苦しい	
苦	くるしむ	苦しむ，苦しみ	
苦	くるしめる	苦しめる	
苦	にがい	苦い，苦虫，苦々しい	
苦	にがる	苦り切る	
駆（驅）	ク	駆使，駆逐，先駆	
駆（驅）	かける	駆ける，抜け駆け	
駆（驅）	かる	駆る，駆り立てる	
具	グ	具体的，具備，道具	
惧	グ	危惧	＊［（付）第２の３参照］
愚	グ	愚問，愚鈍，暗愚	
愚	おろか	愚かだ，愚かしい	
空	クウ	空想，空港，上空	
空	そら	空，空色，青空	
空	あく	空く，空き巣	⇔開く，明く
空	あける	空ける	⇔開ける，明ける
空	から	空，空手，空手形	
偶	グウ	偶然，偶数，配偶者	
遇	グウ	境遇，待遇，遇する	
隅	グウ	一隅	
隅	すみ	隅，片隅	
串	くし	串刺し，串焼き	
屈	クツ	屈辱，屈伸，不屈，理屈	
掘	クツ	掘削，発掘，採掘	
掘	ほる	掘る	
窟	クツ	巣窟，洞窟	
熊	くま	熊	
繰	くる	繰る，繰り返す	
君	クン	君主，君臨，諸君	
君	きみ	君，母君	
訓	クン	訓練，教訓，音訓	
勲（勳）	クン	勲功，勲章，殊勲	
薫（薰）	クン	薫風，薫陶	⇔香る
薫（薰）	かおる	薫る，薫り	
軍	グン	軍隊，軍備，空軍	
郡	グン	郡部，○○郡	
群	グン	群居，大群，抜群	
群	むれる	群れる	
群	むれ	群れ	
群	むら	群すずめ，群千鳥，群がる	
兄	ケイ	兄事，父兄，義兄	兄（にい）さん
兄	キョウ	兄弟	「兄弟」は，「ケイテイ」と読むこともある。
兄	あに	兄	
刑	ケイ	刑罰，刑法，処刑	
形	ケイ	形態，形成，図形	⇔型
形	ギョウ	形相，人形	
形	かた	形，形見，手形	
形	かたち	形	
系	ケイ	系統，系列，体系	
径（徑）	ケイ	直径，直情径行	
茎（莖）	ケイ	球茎，地下茎	
茎（莖）	くき	茎，歯茎	
係	ケイ	係累，係争，関係	
係	かかる	係る	⇔掛かる
係	かかり	係，係員，庶務係	⇔掛
型	ケイ	原型，模型，典型	⇔形
型	かた	型，型紙，血液型	
契	ケイ	契約，契機，黙契	
契	ちぎる	契る，契り	
計	ケイ	計算，計画，寒暖計	時計（とけい）
計	はかる	計る	⇔測る，量る，図る，謀る
計	はからう	計らう，計らい	
恵（惠）	ケイ	恵贈，恵与，恩恵	
恵（惠）	エ	恵方参り，知恵	
恵（惠）	めぐむ	恵む，恵み	
啓	ケイ	啓発，啓示，拝啓	
掲（揭）	ケイ	掲示，掲載，前掲	
掲（揭）	かかげる	掲げる	
渓（溪）	ケイ	渓谷，渓流，雪渓	
経（經）	ケイ	経費，経済，経験	読経（どきょう）
経（經）	キョウ	経文，お経，写経	
経（經）	へる	経る	
蛍（螢）	ケイ	蛍光灯，蛍光塗料	
蛍（螢）	ほたる	蛍	
敬	ケイ	敬意，敬服，尊敬	
敬	うやまう	敬う	
景	ケイ	景気，風景，光景	景色（けしき）
軽（輕）	ケイ	軽快，軽薄，軽率	
軽（輕）	かるい	軽い，軽々と，手軽だ	
軽（輕）	かろやか	軽やかだ	
傾	ケイ	傾斜，傾倒，傾向	
傾	かたむく	傾く，傾き	
傾	かたむける	傾ける	
携	ケイ	携帯，必携，提携	
携	たずさえる	携える	
携	たずさわる	携わる	
継（繼）	ケイ	継続，継承，中継	⇔接ぐ，次ぐ
継（繼）	つぐ	継ぐ，継ぎ	
詣	ケイ	参詣	
詣	もうでる	詣でる，初詣	
慶	ケイ	慶弔，慶祝，慶賀	
憬	ケイ	憧憬	
稽	ケイ	稽古，滑稽	＊［（付）第２の３参照］
憩	ケイ	休憩	
憩	いこい	憩い	
憩	いこう	憩う	
警	ケイ	警告，警戒，警察	
鶏（鷄）	ケイ	鶏卵，鶏舎，養鶏	
鶏（鷄）	にわとり	鶏	
芸（藝）	ゲイ	芸術，芸能，文芸	
迎	ゲイ	迎合，歓迎，送迎	
迎	むかえる	迎える，出迎え	
鯨	ゲイ	鯨油，捕鯨	
鯨	くじら	鯨	
隙	ゲキ	間隙	「隙間」は，「透き間」とも書く。
隙	すき	隙間	
劇	ゲキ	劇薬，劇場，演劇	
撃（擊）	ゲキ	撃退，攻撃，打撃	⇔打つ，討つ
撃（擊）	うつ	撃つ，早撃ち	
激	ゲキ	激動，感激，激する	
激	はげしい	激しい，激しさ	
桁	けた	桁違い，橋桁	
欠（缺）	ケツ	欠乏，欠席，補欠	
欠（缺）	かける	欠ける	
欠（缺）	かく	欠く	
穴	ケツ	穴居，墓穴	
穴	あな	穴	
血	ケツ	血液，血統，鮮血	
血	ち	血，鼻血	
決	ケツ	決裂，決意，解決	
決	きめる	決める，取り決め	
決	きまる	決まる，決まり	
結	ケツ	結論，結婚，連結	
結	むすぶ	結ぶ，結び	
結	ゆう	結う，元結	
結	ゆわえる	結わえる	
傑	ケツ	傑物，傑作，豪傑	
潔	ケツ	潔白，清潔，純潔	
潔	いさぎよい	潔い	
月	ゲツ	月曜，明月，歳月	五月（さつき）
月	ガツ	正月，九月	五月雨（さみだれ）
月	つき	月，月見，三日月	
犬	ケン	犬歯，愛犬，野犬	
犬	いぬ	犬	
件	ケン	件数，事件，条件	
見	ケン	見学，見地，意見	⇔診る
見	みる	見る，下見	
見	みえる	見える	
見	みせる	見せる，顔見せ	
券	ケン	乗車券，旅券，債券	
肩	ケン	肩章，双肩，比肩	
肩	かた	肩	
建	ケン	建築，建議，封建的	
建	コン	建立	
建	たてる	建てる，建物，二階建て	⇔立てる
建	たつ	建つ，一戸建ち	⇔立つ
研（硏）	ケン	研究，研修	
研（硏）	とぐ	研ぐ	
県（縣）	ケン	県庁，県立，○○県	
倹（儉）	ケン	倹約，節倹，勤倹	
兼	ケン	兼用，兼任，兼職	
兼	かねる	兼ねる	
剣（劍）	ケン	剣道，剣舞，刀剣	
剣（劍）	つるぎ	剣	
拳	ケン	拳銃，拳法	
拳	こぶし	握り拳	
軒	ケン	軒数，一軒	
軒	のき	軒，軒先	
健	ケン	健康，健闘，強健	
健	すこやか	健やかだ	
険（險）	ケン	険悪，危険，保険	
険（險）	けわしい	険しい，険しさ	
圏（圈）	ケン	圏内，圏外，成層圏	
堅	ケン	堅固，堅実，中堅	⇔硬い，固い
堅	かたい	堅い	
検（檢）	ケン	検査，検討，点検	
嫌	ケン	嫌悪，嫌疑	
嫌	ゲン	機嫌	
嫌	きらう	嫌う，嫌い	
嫌	いや	嫌だ，嫌がる，嫌気がさす	
献（獻）	ケン	献上，献身的，文献	
献（獻）	コン	献立，一献	
絹	ケン	絹布，人絹	
絹	きぬ	絹，薄絹	
遣	ケン	遣外，派遣，分遣	⇔使う
遣	つかう	遣う，金遣い	
遣	つかわす	遣わす	
権（權）	ケン	権利，権威，人権	
権（權）	ゴン	権化，権現	
憲	ケン	憲法，憲章，官憲	
賢	ケン	賢人，賢明，先賢	
賢	かしこい	賢い	
謙	ケン	謙虚，謙譲	
鍵	ケン	鍵盤	
鍵	かぎ	鍵，鍵穴	
繭	ケン	繭糸	
繭	まゆ	繭，繭玉	
顕（顯）	ケン	顕著，顕彰，顕微鏡	
験（驗）	ケン	試験，経験，実験	
験（驗）	ゲン	験がある，霊験	
懸	ケン	懸垂，懸賞，懸命	
懸	ケ	懸念，懸想	
懸	かける	懸ける，命懸け	⇔掛ける，架ける，賭ける
懸	かかる	懸かる	⇔掛かる，架かる
元	ゲン	元素，元気，多元	⇔下，本，基
元	ガン	元祖，元日，元来	
元	もと	元，元帳，家元	
幻	ゲン	幻滅，幻覚，夢幻	
幻	まぼろし	幻	
玄	ゲン	玄米，玄関，幽玄	玄人（くろうと）
言	ゲン	言行，言論，宣言	
言	ゴン	言上，伝言，無言	
言	いう	言う，物言い	
言	こと	言葉，寝言	
弦	ゲン	上弦，正弦	
弦	つる	弦	
限	ゲン	限度，制限，期限	
限	かぎる	限る，限り	
原	ゲン	原因，原理，高原	
原	はら	原，野原，松原	海原（うなばら）
原			河原・川原（かわら）
現	ゲン	現象，現在，表現	
現	あらわれる	現れる，現れ	⇔表れる
現	あらわす	現す	⇔表す，著す
舷	ゲン	舷側，右舷	
減	ゲン	減少，増減，加減	
減	へる	減る，目減り	
減	へらす	減らす，人減らし	
源	ゲン	源泉，水源，資源	
源	みなもと	源	
厳（嚴）	ゲン	厳格，厳重，威厳	
厳（嚴）	ゴン	荘厳	
厳（嚴）	おごそか	厳かだ	
厳（嚴）	きびしい	厳しい，厳しさ	
己	コ	自己，利己	
己	キ	知己，克己	
己	おのれ	己	
戸	コ	戸外，戸籍，下戸	
戸	と	戸，雨戸	
古	コ	古代，古典，太古	
古	ふるい	古い，古株，古びる	
古	ふるす	使い古す	
呼	コ	呼吸，呼応，点呼	
呼	よぶ	呼ぶ，呼び声	
固	コ	固定，固有，堅固	
固	かためる	固める，固め	
固	かたまる	固まる，固まり	
固	かたい	固い，固さ	固唾（かたず）
固			⇔堅い，硬い
股	コ	股間，股関節	
股	また	内股，大股	
虎	コ	虎穴，猛虎	
虎	とら	虎	
孤	コ	孤児，孤独，孤立	
弧	コ	弧状，括弧，円弧	
故	コ	故郷，故意，事故	
故	ゆえ	故，故に	
枯	コ	枯死，枯淡，栄枯	
枯	かれる	枯れる，枯れ木	
枯	からす	枯らす，木枯らし	
個	コ	個人，個性，一個	
庫	コ	倉庫，文庫，車庫	
庫	ク	庫裏	
湖	コ	湖水，湖沼，湖畔	
湖	みずうみ	湖	
雇	コ	雇用，雇員，解雇	
雇	やとう	雇う，日雇い	
誇	コ	誇示，誇大，誇張	
誇	ほこる	誇る，誇り，誇らしい	
鼓	コ	鼓動，鼓舞，太鼓	
鼓	つづみ	鼓，小鼓	
錮	コ	禁錮	
顧	コ	顧慮，顧問，回顧	⇔省みる
顧	かえりみる	顧みる	
五	ゴ	五穀，五色，五目飯	五月（さつき）
五	いつ	五日	五月雨（さみだれ）
五	いつつ	五つ	
互	ゴ	互角，互選，相互	
互	たがい	互い，互いに，互い違い	
午	ゴ	午前，正午，子午線	
呉	ゴ	呉服，呉越同舟	
後	ゴ	後刻，前後，午後	
後	コウ	後続，後悔，後輩	
後	のち	後，後添い，後の世	
後	うしろ	後ろ，後ろめたい	
後	あと	後，後味，後回し	⇔跡，痕
後	おくれる	後れる，後れ毛，気後れ	⇔遅れる
娯	ゴ	娯楽	
悟	ゴ	悟性，覚悟，悔悟	
悟	さとる	悟る，悟り	
碁	ゴ	碁石，碁盤，囲碁	
語	ゴ	語学，新語，国語	
語	かたる	語る，物語	
語	かたらう	語らう，語らい	
誤	ゴ	誤解，正誤，錯誤	
誤	あやまる	誤る，誤り	
護	ゴ	護衛，救護，保護	
口	コウ	口述，人口，開口	
口	ク	口調，口伝，異口同音	
口	くち	口，口絵，出口	
工	コウ	工場，加工，人工	
工	ク	工面，細工，大工	
公	コウ	公平，公私，公園	
公	おおやけ	公	
勾	コウ	勾配，勾留	
孔	コウ	鼻孔，気孔	
功	コウ	功名，功績，成功	
功	ク	功徳	
巧	コウ	巧拙，巧妙，技巧	
巧	たくみ	巧みな術	
広（廣）	コウ	広大，広言，広義	
広（廣）	ひろい	広い，広場，広々と	
広（廣）	ひろまる	広まる	
広（廣）	ひろめる	広める	
広（廣）	ひろがる	広がる，広がり	
広（廣）	ひろげる	広げる	
甲	コウ	甲乙，装甲車	「甲板」は，「コウハン」とも。
甲	カン	甲板，甲高い	
交	コウ	交通，交番，社交	
交	まじわる	交わる，交わり	
交	まじえる	交える	
交	まじる	交じる	⇔混じる
交	まざる	交ざる	⇔混ざる
交	まぜる	交ぜる，交ぜ織り	⇔混ぜる
交	かう	飛び交う	
交	かわす	交わす	
光	コウ	光線，栄光，観光	
光	ひかる	光る，光り輝く	
光	ひかり	光，稲光	
向	コウ	向上，傾向，趣向	
向	むく	向く，向き	
向	むける	向ける，顔向け	
向	むかう	向かう，向かい	
向	むこう	向こう，向こう側	
后	コウ	皇后，皇太后	
好	コウ	好意，好敵手，良好	
好	このむ	好む，好み，好ましい	
好	すく	好く，好き嫌い，好きな絵	
江	コウ	江湖	
江	え	入り江	
考	コウ	考慮，思考，参考	
考	かんがえる	考える，考え	
行	コウ	行進，行為，旅行	
行	ギョウ	行列，行政，修行	
行	アン	行脚，行火	
行	いく	行く	⇔逝く
行	ゆく	行く，行く末	行方（ゆくえ）
行			⇔逝く
行	おこなう	行う，行い	
坑	コウ	坑道，炭坑，廃坑	
孝	コウ	孝行，孝心，不孝	
抗	コウ	抗争，抗議，対抗	
攻	コウ	攻守，攻撃，専攻	
攻	せめる	攻める	
更	コウ	更新，更迭，変更	
更	さら	更に，今更	
更	ふける	更ける，夜更け	
更	ふかす	更かす，夜更かし	
効（效）	コウ	効果，効力，時効	⇔利く
効（效）	きく	効く，効き目	
幸	コウ	幸福，不幸，行幸	
幸	さいわい	幸い，幸いな事	
幸	さち	幸	
幸	しあわせ	幸せ，幸せな人	
拘	コウ	拘束，拘留，拘置	
肯	コウ	肯定，首肯	
侯	コウ	諸侯，王侯	
厚	コウ	厚情，厚生，濃厚	
厚	あつい	厚い，厚み	
恒（恆）	コウ	恒常，恒例，恒久	
洪	コウ	洪水，洪積層	
皇	コウ	皇帝，皇室，皇后	「天皇」は，「テンノウ」。
皇	オウ	法皇	
紅	コウ	紅白，紅茶，紅葉	紅葉（もみじ）
紅	ク	真紅，深紅	
紅	べに	紅，口紅	
紅	くれない	紅	
荒	コウ	荒天，荒廃，荒涼	
荒	あらい	荒い，荒波，荒々しい	⇔粗い
荒	あれる	荒れる，荒れ地，大荒れ	
荒	あらす	荒らす，倉庫荒らし	
郊	コウ	郊外，近郊	
香	コウ	香水，香気，線香	
香	キョウ	香車	
香	か	香，色香，移り香	
香	かおり	香り	⇔薫り
香	かおる	香る	⇔薫る
候	コウ	候補，気候，測候所	
候	そうろう	候文，居候	
校	コウ	校閲，将校，学校	
耕	コウ	耕作，耕地，農耕	
耕	たがやす	耕す	
航	コウ	航海，航空，就航	
貢	コウ	貢献	
貢	ク	年貢	
貢	みつぐ	貢ぐ，貢ぎ物	
降	コウ	降雨，降参，下降	
降	おりる	降りる，乗り降り	⇔下りる
降	おろす	降ろす	⇔下ろす，卸す
降	ふる	降る，大降り	
高	コウ	高低，高級，最高	
高	たかい	高い，高台，高ぶる	
高	たか	高，売上高	
高	たかまる	高まる，高まり	
高	たかめる	高める	
康	コウ	健康，小康	
控	コウ	控除，控訴	
控	ひかえる	控える，控え	
梗	コウ	心筋梗塞，脳梗塞	
黄（黃）	コウ	黄葉	硫黄（いおう）
黄（黃）	オウ	黄金，卵黄	
黄（黃）	き	黄，黄色い，黄ばむ	
黄（黃）	こ	黄金	
喉	コウ	喉頭，咽喉	
喉	のど	喉，喉元	
慌	コウ	恐慌	
慌	あわてる	慌てる，大慌て	
慌	あわただしい	慌ただしい，慌ただしさ，慌ただしげだ	
慌			
港	コウ	港湾，漁港，出港	
港	みなと	港	
硬	コウ	硬度，硬貨，生硬	⇔堅い，固い
硬	かたい	硬い，硬さ	
絞	コウ	絞殺，絞首刑	
絞	しぼる	絞る，絞り上げる，絞り	⇔搾る
絞	しめる	絞める	⇔締める
絞	しまる	絞まる	⇔締まる
項	コウ	項目，事項，条項	
溝	コウ	下水溝，排水溝	
溝	みぞ	溝	
鉱（鑛）	コウ	鉱物，鉱山，鉄鉱	
構	コウ	構造，構内，結構	
構	かまえる	構える，構え	
構	かまう	構う，構わない	
綱	コウ	綱紀，綱領，大綱	
綱	つな	綱，横綱	
酵	コウ	酵母	
稿	コウ	草稿，原稿，投稿	
興	コウ	興行，復興，振興	
興	キョウ	興味，興趣，余興	
興	おこる	興る	⇔起こる
興	おこす	興す	⇔起こす
衡	コウ	均衡，平衡，度量衡	
鋼	コウ	鋼鉄，鋼材，製鋼	
鋼	はがね	鋼	
講	コウ	講義，講演，聴講	
購	コウ	購入，購買，購読	
乞	こう	乞う，命乞い	⇔請う
号（號）	ゴウ	号令，号外，番号	
合	ゴウ	合同，合計，結合	
合	ガッ	合併，合宿，合点	「合点」は，「ガテン」とも。
合	カッ	合戦	
合	あう	合う，落ち合う，試合	⇔会う，遭う
合	あわす	合わす	
合	あわせる	合わせる，問い合わせる	⇔併せる
拷	ゴウ	拷問	
剛	ゴウ	剛健，金剛力	
傲	ゴウ	傲然，傲慢	
豪	ゴウ	豪遊，豪雨，文豪	
克	コク	克服，克明，克己	
告	コク	告示，告白，報告	
告	つげる	告げる	
谷	コク	幽谷	
谷	たに	谷，谷川	
刻	コク	彫刻，時刻，深刻	
刻	きざむ	刻む，刻み	
国（國）	コク	国際，国家，外国	
国（國）	くに	国，島国	
黒（黑）	コク	黒板，漆黒，暗黒	
黒（黑）	くろ	黒，真っ黒，白黒	
黒（黑）	くろい	黒い，黒さ，腹黒い	
穀（穀）	コク	穀物，雑穀，脱穀	
酷	コク	酷似，冷酷，残酷	
獄	ゴク	獄舎，地獄，疑獄	
骨	コツ	骨子，筋骨，老骨	
骨	ほね	骨，骨折り	
駒	こま	持ち駒	
込	こむ	込む	⇔混む
込	こめる	込める，やり込める	
頃	ころ	頃，日頃	
今	コン	今後，今日，今朝，今年，昨今	今日（きょう）
今	キン	今上	今朝（けさ）
今	いま	今，今し方	今年（ことし）
困	コン	困難，困窮，貧困	
困	こまる	困る	
昆	コン	昆虫，昆布	「昆布」は，「コブ」とも。
恨	コン	遺恨，痛恨，悔恨	
恨	うらむ	恨む，恨み	
恨	うらめしい	恨めしい	
根	コン	根拠，根気，平方根	
根	ね	根，根強い，屋根	
婚	コン	婚約，結婚，新婚	
混	コン	混合，混雑，混迷	
混	まじる	混じる，混じり物	⇔交じる
混	まざる	混ざる	⇔交ざる
混	まぜる	混ぜる，混ぜ物	⇔交ぜる
混	こむ	混む，混み合う，人混み	⇔込む
混			「混み合う」，「人混み」は，「込み合う」，「人込み」とも書く。
混			
痕	コン	痕跡，血痕	⇔跡，後
痕	あと	痕，傷痕	
紺	コン	紺青，紺屋，濃紺	「紺屋」は，「コウや」とも。
魂	コン	魂胆，霊魂，商魂	
魂	たましい	魂，負けじ魂	
墾	コン	開墾	
懇	コン	懇切，懇親会	
懇	ねんごろ	懇ろだ	
左	サ	左右，左翼，左遷	
左	ひだり	左，左利き	
佐	サ	佐幕，補佐，大佐	
沙	サ	沙汰	
査	サ	査察，調査，巡査	
砂	サ	砂丘，砂糖	砂利（じゃり）
砂	シャ	土砂	
砂	すな	砂，砂場	
唆	サ	教唆，示唆	
唆	そそのかす	唆す	
差	サ	差異，差別，誤差	差し支える（さしつかえる）
差	さす	差す	⇔刺す，指す，挿す
詐	サ	詐欺，詐取，詐称	
鎖	サ	鎖国，連鎖，封鎖	
鎖	くさり	鎖	
座	ザ	座席，座談，星座	⇔据わる
座	すわる	座る，座り込み	
挫	ザ	挫折，頓挫	
才	サイ	才能，才覚，秀才	
再	サイ	再度，再選，再出発	
再	サ	再来年，再来月，再来週	
再	ふたたび	再び	
災	サイ	災害，災難，火災	
災	わざわい	災い	
妻	サイ	妻子，夫妻，良妻	
妻	つま	妻，人妻	
采	サイ	采配，喝采	
砕（碎）	サイ	砕石，砕氷，粉砕	
砕（碎）	くだく	砕く	
砕（碎）	くだける	砕ける	
宰	サイ	宰領，宰相，主宰	
栽	サイ	栽培，盆栽	
彩	サイ	彩色，色彩，淡彩	
彩	いろどる	彩る，彩り	
採	サイ	採集，採用，採光	⇔取る，執る，捕る
採	とる	採る	
済（濟）	サイ	返済，救済，経済	
済（濟）	すむ	済む，使用済み	
済（濟）	すます	済ます	
祭	サイ	祭礼，文化祭	
祭	まつる	祭る，祭り上げる	
祭	まつり	祭り，秋祭り	
斎（齋）	サイ	斎場，潔斎，書斎	
細	サイ	細心，詳細，零細	
細	ほそい	細い，細腕，心細い	
細	ほそる	細る	
細	こまか	細かだ	
細	こまかい	細かい	
菜	サイ	菜園，菜食，野菜	
菜	な	菜，青菜	
最	サイ	最大，最近，最先端	最寄り（もより）
最	もっとも	最も	
裁	サイ	裁縫，裁判，体裁	⇔断つ，絶つ
裁	たつ	裁つ，裁ち物	
裁	さばく	裁く，裁き	
債	サイ	債務，負債，公債	
催	サイ	催眠，開催，主催	
催	もよおす	催す，催し	
塞	サイ	要塞	
塞	ソク	脳梗塞，閉塞	
塞	ふさぐ	塞ぐ	
塞	ふさがる	塞がる	
歳	サイ	歳末，歳月，二十歳	二十歳（はたち）
歳	セイ	歳暮	
載	サイ	積載，掲載，記載	
載	のせる	載せる	⇔乗せる
載	のる	載る	⇔乗る
際	サイ	際限，交際，この際	
際	きわ	際，際立つ，窓際	
埼	さい		埼玉県
在	ザイ	在留，在宅，存在	⇔有る
在	ある	在る，在りし日	
材	ザイ	材木，材料，人材	
剤（劑）	ザイ	薬剤師，錠剤，消化剤	
財	ザイ	財産，私財，文化財	
財	サイ	財布	
罪	ザイ	罪状，犯罪，謝罪	
罪	つみ	罪	
崎	さき	○○崎	
作	サク	作為，著作，豊作	⇔造る，創る
作	サ	作業，作用，動作	
作	つくる	作る	
削	サク	削除，削減，添削	
削	けずる	削る	
昨	サク	昨日，昨年，一昨日	昨日（きのう）
柵	サク	鉄柵	
索	サク	索引，思索，鉄索	
策	サク	策略，政策，対策	
酢	サク	酢酸	
酢	す	酢，酢の物	
搾	サク	搾取，圧搾	⇔絞る
搾	しぼる	搾る	
錯	サク	錯誤，錯覚，交錯	
咲	さく	咲く，遅咲き	
冊	サツ	冊子，別冊	
冊	サク	短冊	
札	サツ	札入れ，表札，入札	
札	ふだ	札，名札	
刷	サツ	刷新，印刷，増刷	
刷	する	刷る	
刹	サツ	古刹，名刹	
刹	セツ	刹那	
拶	サツ	挨拶	
殺（殺）	サツ	殺人，殺到，黙殺	
殺（殺）	サイ	相殺	
殺（殺）	セツ	殺生	
殺（殺）	ころす	殺す，殺し，見殺し	
察	サツ	察知，観察，考察	
撮	サツ	撮影	
撮	とる	撮る	
擦	サツ	擦過傷，摩擦	
擦	する	擦る，擦り傷	
擦	すれる	擦れる，靴擦れ	
雑（雜）	ザツ	雑談，雑音，混雑	雑魚（ざこ）
雑（雜）	ゾウ	雑炊，雑木林，雑兵	
皿	さら	皿，灰皿	
三	サン	三角，三流，再三	三味線（しゃみせん）
三	み	三日月，三日（みっか）	
三	みつ	三つ指	
三	みっつ	三つ	
山	サン	山脈，高山，登山	山車（だし）
山	やま	山	築山（つきやま）
参（參）	サン	参加，参万円，降参	
参（參）	まいる	参る，寺参り	
桟（棧）	サン	桟，桟橋	桟敷（さじき）
蚕（蠶）	サン	蚕糸，蚕食，養蚕	
蚕（蠶）	かいこ	蚕	
惨（慘）	サン	惨劇，悲惨，陰惨	
惨（慘）	ザン	惨死，惨殺	
惨（慘）	みじめ	惨めだ	
産	サン	産業，生産，出産	土産（みやげ）
産	うむ	産む，産み月	⇔生む
産	うまれる	産まれる	⇔生まれる
産	うぶ	産湯，産着，産毛	
傘	サン	傘下，落下傘	
傘	かさ	傘，雨傘，日傘	
散	サン	散歩，散文，解散	
散	ちる	散る，散り散りに	
散	ちらす	散らす	
散	ちらかす	散らかす	
散	ちらかる	散らかる	
算	サン	算数，計算，予算	
酸	サン	酸味，酸素，辛酸	
酸	すい	酸い，酸っぱい	
賛（贊）	サン	賛成，賛同，称賛	
残（殘）	ザン	残留，残念，敗残	名残（なごり）
残（殘）	のこる	残る，残り	
残（殘）	のこす	残す，食べ残し	
斬	ザン	斬殺，斬新	⇔切る
斬	きる	斬る	
暫	ザン	暫時，暫定	
士	シ	士官，武士，紳士	海士（あま）
士			居士（こじ）
士			博士（はかせ）
子	シ	子孫，女子，帽子	
子	ス	金子，扇子，様子	
子	こ	子，親子，年子	迷子（まいご）
子			息子（むすこ）
支	シ	支持，支障，支店	差し支える（さしつかえる）
支	ささえる	支える，支え	
止	シ	止宿，静止，中止	波止場（はとば）
止	とまる	止まる，行き止まり	⇔留まる，泊まる
止	とめる	止める，歯止め	⇔留める，泊める
氏	シ	氏名，姓氏，某氏	
氏	うじ	氏，氏神	
仕	シ	仕事，出仕	
仕	ジ	給仕	
仕	つかえる	仕える	
史	シ	史学，歴史，国史	
司	シ	司会，司令，上司	
四	シ	四角，四季，四十七士	
四	よ	四人，四日（よっか），四月目	
四	よつ	四つ角	
四	よっつ	四つ	
四	よん	四回，四階	
市	シ	市民，市況，都市	
市	いち	市，競り市	
矢	シ	一矢を報いる	
矢	や	矢，矢印，矢面	
旨	シ	要旨，趣旨，本旨	
旨	むね	旨	
死	シ	死亡，死角，必死	
死	しぬ	死ぬ，死に絶える	
糸（絲）	シ	綿糸，蚕糸，製糸	
糸（絲）	いと	糸，糸目，毛糸	
至	シ	至当，夏至，冬至	
至	いたる	至る，至って〔副〕	
伺	シ	伺候	
伺	うかがう	伺う，伺い	
志	シ	志望，有志，寸志	
志	こころざす	志す	
志	こころざし	志	
私	シ	私立，私腹，公私	
私	わたくし	私，私する	
私	わたし	私	
使	シ	使役，使者，駆使	⇔遣う
使	つかう	使う，使い	
刺	シ	刺激，名刺，風刺	⇔差す，指す，挿す
刺	さす	刺す，刺し殺す	
刺	ささる	刺さる	
始	シ	始終，年始，開始	⇔初め，初めて
始	はじめる	始める，始め	
始	はじまる	始まる，始まり	
姉	シ	姉妹，諸姉	姉（ねえ）さん
姉	あね	姉，姉上	
枝	シ	枝葉	
枝	えだ	枝	
祉（祉）	シ	福祉	
肢	シ	肢体，下肢，選択肢	
姿	シ	姿勢，容姿，雄姿	
姿	すがた	姿	
思	シ	思想，意思，相思	
思	おもう	思う，思い，思わしい	
指	シ	指示，指導，屈指	⇔差す，刺す，挿す
指	ゆび	指，指先	
指	さす	指す，指図，名指し	
施	シ	施設，施政，実施	
施	セ	施主，施療，布施	
施	ほどこす	施す，施し	
師	シ	師匠，教師，医師	師走（しわす）
恣	シ	恣意的	＊［（付）第２の３参照］
紙	シ	紙面，用紙，新聞紙	
紙	かみ	紙，紙くず，厚紙	
脂	シ	脂肪，油脂，樹脂	⇔油
脂	あぶら	脂，脂ぎる	
視（視）	シ	視覚，視力，注視	
紫	シ	紫紺，紫煙，紫外線	
紫	むらさき	紫，紫色	
詞	シ	歌詞，作詞，品詞	祝詞（のりと）
歯（齒）	シ	歯科，乳歯，義歯	
歯（齒）	は	歯，入れ歯	
嗣	シ	嗣子，嫡嗣	
試	シ	試験，試作，追試	
試	こころみる	試みる，試み	
試	ためす	試す，試し	
詩	シ	詩情，詩人，詩歌	「詩歌」は，「シイカ」とも。
資	シ	資本，資格，物資	
飼	シ	飼育，飼料	
飼	かう	飼う	
誌	シ	誌面，日誌，雑誌	
雌	シ	雌雄，雌伏	
雌	め	雌花，雌牛，雌しべ	
雌	めす	雌，雌犬	
摯	シ	真摯	
賜	シ	賜暇，下賜，恩賜	
賜	たまわる	賜る	
諮	シ	諮問	
諮	はかる	諮る	
示	ジ	示威，示談，指示	
示	シ	示唆	
示	しめす	示す，示し	
字	ジ	字画，文字，活字	
字	あざ	字，大字	
寺	ジ	寺院，社寺，末寺	
寺	てら	寺，尼寺	
次	ジ	次回，次元，目次	
次	シ	次第	
次	つぐ	次ぐ，次いで〔副〕	⇔継ぐ
次	つぎ	次，次に，次々と	
耳	ジ	耳鼻科，中耳炎	
耳	みみ	耳，早耳	
自	ジ	自分，自由，各自	
自	シ	自然	
自	みずから	自ら	
似	ジ	類似，酷似，疑似	
似	にる	似る，似顔	
児（兒）	ジ	児童，幼児，優良児	稚児（ちご）
児（兒）	ニ	小児科	鹿児島（かごしま）県
事	ジ	事物，無事，師事	
事	ズ	好事家	
事	こと	事，仕事，出来事	
侍	ジ	侍従，侍女，侍医	
侍	さむらい	侍	
治	ジ	政治，療治	
治	チ	治安，治水，自治	
治	おさめる	治める	⇔修める
治	おさまる	治まる	⇔修まる
治	なおる	治る	⇔直る
治	なおす	治す	⇔直す
持	ジ	持参，持続，支持	
持	もつ	持つ	
時	ジ	時間，時候，当時	時雨（しぐれ）
時	とき	時，時めく，時々	時計（とけい）
滋	ジ	滋味，滋養	滋賀（しが）県
慈	ジ	慈愛，慈善，慈悲	
慈	いつくしむ	慈しむ，慈しみ	
辞（辭）	ジ	辞書，辞職，式辞	
辞（辭）	やめる	辞める	
磁	ジ	磁石，磁気，陶磁器	
餌［餌］	ジ	好餌，食餌	［餌］＝許容字体，
餌［餌］	えさ	餌	＊［（付）第２の３参照］
餌［餌］	え	餌食	
璽	ジ	御璽，国璽	
鹿	しか	鹿	
鹿	か	鹿の子	
式	シキ	式典，形式，数式	
識	シキ	識別，意識，知識	
軸	ジク	軸，車軸，地軸	
七	シチ	七五三，七福神	七夕（たなばた）
七	なな	七月目	
七	ななつ	七つ	
七	なの	七日	「七日」は，「なぬか」とも。
𠮟	シツ	𠮟責	
𠮟	しかる	𠮟る	
失	シツ	失望，失敗，消失	
失	うしなう	失う	
室	シツ	室内，皇室，居室	
室	むろ	室，室咲き	
疾	シツ	疾患，疾走，悪疾	
執	シツ	執務，執筆，確執	⇔取る，採る
執	シュウ	執念，執心，我執	
執	とる	執る	
湿（濕）	シツ	湿度，湿地，多湿	
湿（濕）	しめる	湿る，湿り	
湿（濕）	しめす	湿す	
嫉	シツ	嫉妬	
漆	シツ	漆器，漆黒，乾漆	
漆	うるし	漆	
質	シツ	質問，質実，本質	
質	シチ	質屋，人質	
質	チ	言質	
実（實）	ジツ	実力，充実，実に	
実（實）	み	実，実入り	
実（實）	みのる	実る，実り	
芝	しば	芝，芝居	芝生（しばふ）
写（寫）	シャ	写真，描写，映写	
写（寫）	うつす	写す，写し	⇔映す
写（寫）	うつる	写る，写り	⇔映る
社（社）	シャ	社会，会社，神社	
社（社）	やしろ	社	
車	シャ	車輪，車庫，電車	山車（だし）
車	くるま	車，歯車	
舎	シャ	舎監，校舎，寄宿舎	田舎（いなか）
者（者）	シャ	医者，前者，第三者	猛者（もさ）
者（者）	もの	者，若者	
射	シャ	射撃，発射，日射病	
射	いる	射る	
捨	シャ	捨象，取捨，喜捨	
捨	すてる	捨てる，捨て子	
赦	シャ	赦免，大赦，恩赦	
斜	シャ	斜面，斜線，傾斜	
斜	ななめ	斜め	
煮（煮）	シャ	煮沸	
煮（煮）	にる	煮る，雑煮	
煮（煮）	にえる	煮える，生煮え	
煮（煮）	にやす	業を煮やす	
遮	シャ	遮断	
遮	さえぎる	遮る	
謝	シャ	謝絶，感謝，陳謝	
謝	あやまる	謝る，平謝り	
邪	ジャ	邪悪，邪推，正邪	風邪（かぜ）
蛇	ジャ	蛇の目，蛇腹，大蛇	
蛇	ダ	蛇行，蛇足，長蛇	
蛇	へび	蛇	
尺	シャク	尺度，尺貫法	
借	シャク	借用，借金，貸借	
借	かりる	借りる，借り	
酌	シャク	酌量，晩酌	
酌	くむ	酌む，酌み交わす	
釈（釋）	シャク	釈明，釈放，解釈	
爵	シャク	爵位	
若	ジャク	若年，若干，自若	「老若」は，「ロウジャク」とも。
若	ニャク	老若	若人（わこうど）
若	わかい	若い，若者，若々しい	
若	もしくは	若しくは	
弱	ジャク	弱点，弱小，強弱	
弱	よわい	弱い，弱虫，足弱	
弱	よわる	弱る	
弱	よわまる	弱まる	
弱	よわめる	弱める	
寂	ジャク	寂滅，静寂，閑寂	
寂	セキ	寂然，寂として	「寂然」は，「ジャクネン」とも。
寂	さび	寂	
寂	さびしい	寂しい，寂しがる	
寂	さびれる	寂れる	
手	シュ	手腕，挙手，選手	上手（じょうず）
手	て	手，手柄，素手	下手（へた）
手	た	手綱，手繰る	手伝（てつだ）う
主	シュ	主人，主権，施主	「法主（ホッス）」は，「ホウシュ」，「ホッシュ」とも。
主	ス	法主，坊主	
主	ぬし	主，地主	
主	おも	主な人々	
守	シュ	守備，保守，攻守	
守	ス	留守	
守	まもる	守る，守り	
守	もり	お守り，子守，灯台守	
朱	シュ	朱肉，朱筆，朱塗り	
取	シュ	取捨，取材，聴取	⇔採る，執る，捕る
取	とる	取る	
狩	シュ	狩猟	
狩	かる	狩る，狩り込み	
狩	かり	狩り，ぶどう狩り	
首	シュ	首尾，首席，自首	
首	くび	首，首飾り	
殊	シュ	殊勝，殊勲，特殊	
殊	こと	殊に，殊の外，殊更	
珠	シュ	珠玉，珠算，真珠	数珠（じゅず）
酒	シュ	酒宴，飲酒，洋酒	お神酒（みき）
酒	さけ	酒，酒好き，甘酒	
酒	さか	酒屋，酒場，酒盛り	
腫	シュ	腫瘍	
腫	はれる	腫れる，腫れ	
腫	はらす	腫らす	
種	シュ	種類，人種，品種	
種	たね	種，菜種，一粒種	
趣	シュ	趣向，趣味，興趣	
趣	おもむき	趣	
寿（壽）	ジュ	寿命，長寿，米寿	
寿（壽）	ことぶき	寿	
受	ジュ	受諾，受験，甘受	⇔請ける
受	うける	受ける，受付	
受	うかる	受かる	
呪	ジュ	呪縛，呪文	
呪	のろう	呪う	
授	ジュ	授与，伝授，教授	
授	さずける	授ける	
授	さずかる	授かる	
需	ジュ	需要，需給，必需品	
儒	ジュ	儒学，儒教，儒者	
樹	ジュ	樹木，樹立，街路樹	
収（收）	シュウ	収穫，収入，回収	
収（收）	おさめる	収める	⇔納める
収（收）	おさまる	収まる	⇔納まる
囚	シュウ	囚人，死刑囚	
州	シュウ	州議会，六大州	
州	す	州，中州，三角州	
舟	シュウ	舟運，舟艇，舟航	⇔船
舟	ふね	舟，小舟，渡し舟	
舟	ふな	舟遊び，舟宿，舟歌	
秀	シュウ	秀逸，秀才，優秀	
秀	ひいでる	秀でる	
周	シュウ	周知，周囲，円周	⇔回り
周	まわり	周り	
宗	シュウ	宗教，宗派，改宗	
宗	ソウ	宗家，宗匠	
拾	シュウ	拾得，収拾	
拾	ジュウ	拾万円	
拾	ひろう	拾う，拾い物	
秋	シュウ	秋季，秋分，晩秋	
秋	あき	秋	
臭（臭）	シュウ	臭気，悪臭，俗臭	⇔匂う
臭（臭）	くさい	臭い，臭み，臭さ	
臭（臭）	におう	臭う，臭い	
修	シュウ	修飾，修養，改修	
修	シュ	修行	
修	おさめる	修める	⇔治める
修	おさまる	修まる	⇔治まる
袖	シュウ	領袖	
袖	そで	袖，半袖	
終	シュウ	終了，終日，最終	
終	おわる	終わる，終わり	
終	おえる	終える	
羞	シュウ	羞恥心	
習	シュウ	習得，習慣，練習	⇔倣う
習	ならう	習う，手習い	
週	シュウ	週刊，週末，毎週	
就	シュウ	就任，就寝，去就	
就	ジュ	成就	
就	つく	就く	⇔着く，付く
就	つける	就ける	⇔着ける，付ける
衆	シュウ	衆寡，民衆，聴衆	
衆	シュ	衆生	
集	シュウ	集合，集結，全集	
集	あつまる	集まる，集まり	
集	あつめる	集める，人集め	
集	つどう	集う，集い	
愁	シュウ	愁傷，哀愁，憂愁	
愁	うれえる	愁える	⇔憂える
愁	うれい	愁い	⇔憂い
酬	シュウ	報酬，応酬	
醜	シュウ	醜悪，醜態，美醜	
醜	みにくい	醜い，醜さ	
蹴	シュウ	一蹴	
蹴	ける	蹴る，蹴散らす	
襲	シュウ	襲撃，襲名，世襲	
襲	おそう	襲う	
十	ジュウ	十字架，十文字	十重二十重（とえはたえ）
十			二十・二十歳（はたち）
十			二十日（はつか）
十	ジッ	十回	「ジュッ」とも。
十	とお	十，十日	
十	と	十色，十重	
汁	ジュウ	果汁，墨汁	
汁	しる	汁，汁粉	
充	ジュウ	充実，充電，補充	⇔当てる，宛てる
充	あてる	充てる	
住	ジュウ	住所，安住，衣食住	
住	すむ	住む	
住	すまう	住まう，住まい	
柔	ジュウ	柔軟，柔道，懐柔	
柔	ニュウ	柔和，柔弱	
柔	やわらか	柔らかだ	⇔軟らか
柔	やわらかい	柔らかい	⇔軟らかい
重	ジュウ	重量，重大，二重	
重	チョウ	重畳，慎重，貴重	
重	え	一重，八重桜	十重二十重（とえはたえ）
重	おもい	重い，重たい	
重	かさねる	重ねる，重ね着	
重	かさなる	重なる	
従（從）	ジュウ	従事，従順，服従	
従（從）	ショウ	従容	
従（從）	ジュ	従○位	
従（從）	したがう	従う	
従（從）	したがえる	従える	
渋（澁）	ジュウ	渋滞，苦渋	
渋（澁）	しぶ	渋，渋紙	
渋（澁）	しぶい	渋い，渋さ，渋み	
渋（澁）	しぶる	渋る	
銃	ジュウ	銃砲，銃弾，小銃	
獣（獸）	ジュウ	獣類，猛獣，鳥獣	
獣（獸）	けもの	獣	
縦（縱）	ジュウ	縦横，縦断，操縦	
縦（縱）	たて	縦	
叔	シュク	伯叔	叔父（おじ）
叔			叔母（おば）
祝（祝）	シュク	祝賀，祝日，慶祝	祝詞（のりと）
祝（祝）	シュウ	祝儀，祝言	
祝（祝）	いわう	祝う	
宿	シュク	宿泊，宿題，合宿	
宿	やど	宿，宿屋	
宿	やどる	宿る，雨宿り	
宿	やどす	宿す	
淑	シュク	淑女，貞淑，私淑	
粛（肅）	シュク	粛清，静粛，自粛	
縮	シュク	縮小，縮図，短縮	
縮	ちぢむ	縮む，伸び縮み	
縮	ちぢまる	縮まる	
縮	ちぢめる	縮める	
縮	ちぢれる	縮れる，縮れ毛	
縮	ちぢらす	縮らす	
塾	ジュク	塾，私塾	
熟	ジュク	熟練，熟慮，成熟	
熟	うれる	熟れる	
出	シュツ	出入，出現，提出	
出	スイ	出納	
出	でる	出る，出窓，遠出	
出	だす	出す	
述	ジュツ	叙述，陳述，著述	
述	のべる	述べる	
術	ジュツ	術策，技術，芸術	
俊	シュン	俊敏，俊秀，俊才	
春	シュン	春季，立春，青春	
春	はる	春，春めく	
瞬	シュン	瞬間，瞬時，一瞬	
瞬	またたく	瞬く，瞬き	
旬	ジュン	旬刊，上旬	
旬	シュン	旬，旬の野菜	
巡	ジュン	巡回，巡業，一巡	お巡（まわ）りさん
巡	めぐる	巡る，巡り歩く	
盾	ジュン	矛盾	
盾	たて	盾，後ろ盾	
准	ジュン	准将，批准	
殉	ジュン	殉死，殉職，殉難	
純	ジュン	純真，純粋，不純	
循	ジュン	循環，因循	
順	ジュン	順序，順調，従順	
準	ジュン	準備，基準，標準	
潤	ジュン	潤色，潤沢，湿潤	
潤	うるおう	潤う，潤い	
潤	うるおす	潤す	
潤	うるむ	潤む	
遵	ジュン	遵守，遵法	
処（處）	ショ	処置，処罰，処女	
初	ショ	初期，初心者，最初	
初	はじめ	初め	⇔始め
初	はじめて	初めて〔副〕	
初	はつ	初の受賞，初雪，初耳	
初	うい	初陣，初々しい	
初	そめる	書き初め，出初め式	
所	ショ	所得，住所，近所	
所	ところ	所，台所	
書	ショ	書画，書籍，読書	⇔描く
書	かく	書く	
庶	ショ	庶民，庶務	
暑（暑）	ショ	暑気，残暑，避暑	⇔熱い
暑（暑）	あつい	暑い，暑さ	
署（署）	ショ	署名，署長，警察署	
緒（緖）	ショ	緒戦，由緒，端緒	「情緒」は，「ジョウショ」とも。
緒（緖）	チョ	情緒	
緒（緖）	お	緒，鼻緒	
諸（諸）	ショ	諸君，諸国，諸般	
女	ジョ	女子，女流，少女	海女（あま）
女	ニョ	女人，天女，善男善女	
女	ニョウ	女房	
女	おんな	女，女心，女らしい	
女	め	女神，女々しい	乙女（おとめ）
如	ジョ	欠如，突如，躍如	
如	ニョ	如実，如来，不如意	
助	ジョ	助力，助監督，救助	
助	たすける	助ける，助け	
助	たすかる	助かる，大助かり	
助	すけ	助太刀	
序	ジョ	序幕，順序，秩序	
叙（敍）	ジョ	叙述，叙景，叙勲	
徐	ジョ	徐行，徐々に	
除	ジョ	除外，除数，解除	
除	ジ	掃除	
除	のぞく	除く	
小	ショウ	小心，大小，縮小	小豆（あずき）
小	ちいさい	小さい，小さな	
小	こ	小型，小鳥，小切手	
小	お	小川，小暗い	
升	ショウ	升，升目	
升	ます		
少	ショウ	少年，多少，減少	
少	すくない	少ない	
少	すこし	少し	
召	ショウ	召喚，国会の召集	
召	めす	召す，召し上がる	
匠	ショウ	師匠，巨匠，意匠	
床	ショウ	起床，病床，温床	
床	とこ	床，床の間，寝床	
床	ゆか	床，床下	
抄	ショウ	抄録，抄本，抄訳	
肖	ショウ	肖像，不肖	
尚	ショウ	尚早，高尚	
招	ショウ	招待，招致，招請	
招	まねく	招く，招き	
承	ショウ	承知，承諾，継承	
承	うけたまわる	承る	
昇	ショウ	昇降，昇進，上昇	⇔上る，登る
昇	のぼる	昇る	
松	ショウ	松竹梅，白砂青松	
松	まつ	松，松原，門松	
沼	ショウ	沼沢，湖沼	
沼	ぬま	沼，沼地	
昭	ショウ	昭和	
宵	ショウ	徹宵	
宵	よい	宵	
将（將）	ショウ	将来，将棋，大将	
消	ショウ	消滅，消極的，費消	
消	きえる	消える，立ち消え	
消	けす	消す，消しゴム	
症	ショウ	症状，炎症，重症	
祥（祥）	ショウ	発祥，吉祥，不祥事	
称（稱）	ショウ	称賛，名称，称する	
笑	ショウ	笑覧，微笑，談笑	笑顔（えがお）
笑	わらう	笑う，大笑い	
笑	えむ	ほくそ笑む，笑み	
唱	ショウ	唱歌，合唱，提唱	
唱	となえる	唱える	
商	ショウ	商売，商業，貿易商	
商	あきなう	商う，商い	
渉（涉）	ショウ	渉外，干渉，交渉	
章	ショウ	憲章，勲章，文章	
紹	ショウ	紹介	
訟	ショウ	訴訟	
勝	ショウ	勝敗，優勝，名勝	
勝	かつ	勝つ，勝ち，勝手	
勝	まさる	勝る，男勝り	
掌	ショウ	掌中，職掌，車掌	
晶	ショウ	結晶，水晶	
焼（燒）	ショウ	焼却，燃焼，全焼	
焼（燒）	やく	焼く，炭焼き	
焼（燒）	やける	焼ける，夕焼け	
焦	ショウ	焦土，焦慮，焦心	
焦	こげる	焦げる，黒焦げ	
焦	こがす	焦がす	
焦	こがれる	焦がれる	
焦	あせる	焦る，焦り	
硝	ショウ	硝石，硝酸	
粧	ショウ	化粧	
詔	ショウ	詔勅，詔書	
詔	みことのり	詔	
証（證）	ショウ	証拠，証明，免許証	
象	ショウ	象徴，対象，現象	
象	ゾウ	象眼，巨象	
傷	ショウ	傷害，負傷，感傷	
傷	きず	傷，古傷，傷つく	
傷	いたむ	傷む	⇔痛む，悼む
傷	いためる	傷める	⇔痛める
奨（奬）	ショウ	奨励，奨学金，推奨	
照	ショウ	照明，照会，対照的	
照	てる	照る，日照り	
照	てらす	照らす	
照	てれる	照れる	
詳	ショウ	詳細，詳報，未詳	
詳	くわしい	詳しい，詳しさ	
彰	ショウ	表彰，顕彰	
障	ショウ	障害，障子，故障	
障	さわる	障る，差し障り	
憧	ショウ	憧憬	「憧憬」は，「ドウケイ」とも。
憧	あこがれる	憧れる，憧れ	
衝	ショウ	衝突，衝動，折衝	
賞	ショウ	賞罰，賞与，懸賞	
償	ショウ	償金，弁償，代償	
償	つぐなう	償う，償い	
礁	ショウ	岩礁，暗礁，さんご礁	
鐘	ショウ	半鐘，警鐘	
鐘	かね	鐘	
上	ジョウ	上旬，上昇，地上	上手（じょうず）
上	ショウ	上人，身上を潰す	「身上」は，「シンショウ」と「シンジョウ」とで，意味が違う。
上	うえ	上，身の上	
上	うわ	上着，上積み	
上	かみ	上，川上	⇔揚げる，挙げる
上	あげる	上げる，売り上げ	⇔揚がる，挙がる
上	あがる	上がる，上がり	⇔昇る，登る
上	のぼる	上る，上り	
上	のぼせる	上せる	
上	のぼす	上す	
丈	ジョウ	丈六，丈夫な体	
丈	たけ	丈，背丈	
冗	ジョウ	冗談，冗長，冗費	
条（條）	ジョウ	条理，条約，箇条	
状（狀）	ジョウ	状態，白状，免状	
乗（乘）	ジョウ	乗数，乗車，大乗的	
乗（乘）	のる	乗る，乗り物	⇔載る
乗（乘）	のせる	乗せる	⇔載せる
城	ジョウ	城内，城下町，落城	茨城（いばらき）県，宮城（みやぎ）県
城	しろ	城，城跡	
浄（淨）	ジョウ	浄化，清浄，不浄	
剰（剩）	ジョウ	剰余，過剰，余剰	
常	ジョウ	常備，日常，非常	
常	つね	常，常に，常々	
常	とこ	常夏	
情	ジョウ	情報，情熱，人情	
情	セイ	風情	
情	なさけ	情け	
場	ジョウ	場内，会場，入場	
場	ば	場，場所，広場	
畳（疊）	ジョウ	畳語，重畳	
畳（疊）	たたむ	畳む，折り畳み	
畳（疊）	たたみ	畳，畳表，青畳	
蒸	ジョウ	蒸気，蒸発	
蒸	むす	蒸す，蒸し暑い	
蒸	むれる	蒸れる	
蒸	むらす	蒸らす	
縄（繩）	ジョウ	縄文，自縄自縛	
縄（繩）	なわ	縄，縄張	
壌（壤）	ジョウ	土壌	
嬢（孃）	ジョウ	令嬢，愛嬢，お嬢さん	
錠	ジョウ	錠前，錠剤，手錠	
譲（讓）	ジョウ	譲渡，譲歩，謙譲	
譲（讓）	ゆずる	譲る，親譲り	
醸（釀）	ジョウ	醸造，醸成	
醸（釀）	かもす	醸す，醸し出す	
色	ショク	原色，特色，物色	景色（けしき）
色	シキ	色彩，色調，色欲	
色	いろ	色，桜色，色づく	
拭	ショク	払拭	
拭	ふく	拭く	
拭	ぬぐう	拭う	
食	ショク	食事，食料，会食	
食	ジキ	断食	
食	くう	食う，食い物	
食	くらう	食らう	
食	たべる	食べる，食べ物	
植	ショク	植樹，植物，誤植	
植	うえる	植える，植木	
植	うわる	植わる	
殖	ショク	生殖，利殖，学殖	
殖	ふえる	殖える	⇔増える
殖	ふやす	殖やす	⇔増やす
飾	ショク	装飾，修飾，服飾	
飾	かざる	飾る，飾り	
触（觸）	ショク	触媒，触発，接触	
触（觸）	ふれる	触れる	
触（觸）	さわる	触る	
嘱（囑）	ショク	嘱託，委嘱	
織	ショク	織機，染織，紡織	
織	シキ	組織	
織	おる	織る，織物	
職	ショク	職業，職務，就職	
辱	ジョク	恥辱，雪辱，屈辱	
辱	はずかしめる	辱める，辱め	
尻	しり	尻，尻込み，目尻	尻尾（しっぽ）
心	シン	心身，感心，中心	心地（ここち）
心	こころ	心，心得る，親心	
申	シン	申告，申請，内申書	
申	もうす	申す，申し上げる	
伸	シン	伸縮，屈伸，追伸	
伸	のびる	伸びる，背伸び	⇔延びる
伸	のばす	伸ばす	⇔延ばす
伸	のべる	伸べる	⇔延べる
臣	シン	臣下，君臣	
臣	ジン	大臣	
芯	シン	芯	
身	シン	身体，単身，等身大	
身	み	身，身内，親身	
辛	シン	辛苦，辛酸，香辛料	
辛	からい	辛い，辛み，辛うじて	
侵	シン	侵入，侵害，不可侵	⇔犯す，冒す
侵	おかす	侵す	
信	シン	信用，信頼，通信	
津	シン	興味津々	
津	つ	津波，津々浦々	
神（神）	シン	神聖，神経，精神	お神酒（みき）
神（神）	ジン	神社，神宮，神通力	神楽（かぐら）
神（神）	かみ	神，神様，貧乏神	神奈川（かながわ）県
神（神）	かん	神主	
神（神）	こう	神々しい	
唇	シン	口唇	
唇	くちびる	唇	
娠	シン	妊娠	
振	シン	振動，振興，不振	
振	ふる	振る，振り	
振	ふるう	振るう	⇔奮う，震う
振	ふれる	振れる	
浸	シン	浸水，浸透	
浸	ひたす	浸す，水浸し	
浸	ひたる	浸る	
真（眞）	シン	真偽，写真，純真	
真（眞）	ま	真南，真新しい，真っ先，真ん中	真面目（まじめ）
真（眞）			真っ赤（まっか）
真（眞）			真っ青（まっさお）
針	シン	針路，運針，秒針	
針	はり	針，針金	
深	シン	深山，深夜，水深	
深	ふかい	深い，深入り，深み	
深	ふかまる	深まる	
深	ふかめる	深める	
紳	シン	紳士	
進	シン	進級，進言，前進	⇔勧める，薦める
進	すすむ	進む，進み	
進	すすめる	進める	
森	シン	森林，森閑，森厳	
森	もり	森	
診	シン	診察，診療，往診	⇔見る
診	みる	診る	
寝（寢）	シン	寝室，寝具，就寝	
寝（寢）	ねる	寝る，寝入る，昼寝	
寝（寢）	ねかす	寝かす	
慎（愼）	シン	慎重，謹慎	⇔謹む
慎（愼）	つつしむ	慎む，慎み	
新	シン	新旧，新聞，革新	
新	あたらしい	新しい，新しさ，新しがる	
新	あらた	新ただ	
新	にい	新妻，新盆	
審	シン	審判，審議，不審	
震	シン	震動，震災，地震	⇔奮う，振るう
震	ふるう	震う，身震い	
震	ふるえる	震える，震え	
薪	シン	薪炭，薪水	
薪	たきぎ	薪	
親	シン	親族，親友，肉親	
親	おや	親，親子，父親	
親	したしい	親しい，親しさ	
親	したしむ	親しむ	
人	ジン	人道，人員，成人	玄人（くろうと）
人	ニン	人間，人情，人形	素人（しろうと）
人	ひと	人，人手，旅人	仲人（なこうど）
人			若人（わこうど）
人			大人（おとな）
人			一人（ひとり）
人			二人（ふたり）
刃	ジン	白刃，凶刃，自刃	
刃	は	刃，刃物，両刃	
仁	ジン	仁義，仁術	
仁	ニ	仁王	
尽（盡）	ジン	尽力，無尽蔵	
尽（盡）	つくす	尽くす，心尽くし	
尽（盡）	つきる	尽きる	
尽（盡）	つかす	愛想を尽かす	
迅	ジン	迅速，疾風迅雷	
甚	ジン	甚大，激甚，幸甚	
甚	はなはだ	甚だ	
甚	はなはだしい	甚だしい	
陣	ジン	陣頭，陣痛，円陣	
尋	ジン	尋問，尋常，千尋	⇔訪ねる
尋	たずねる	尋ねる，尋ね人	
腎	ジン	腎臓，肝腎	「肝腎」は，「肝心」とも書く。
須	ス	必須	
図（圖）	ズ	図画，図表，地図	⇔計る，測る，量る，謀る
図（圖）	ト	図書，意図，壮図	
図（圖）	はかる	図る	
水	スイ	水分，水陸，海水	清水（しみず）
水	みず	水，水色，水浴び	
吹	スイ	吹奏，吹鳴，鼓吹	息吹（いぶき）
吹			吹雪（ふぶき）
吹	ふく	吹く	⇔噴く
垂	スイ	垂直，懸垂，胃下垂	
垂	たれる	垂れる，雨垂れ	
垂	たらす	垂らす	
炊	スイ	炊事，自炊，雑炊	
炊	たく	炊く，飯炊き	
帥	スイ	統帥，元帥	
粋（粹）	スイ	粋人，純粋，精粋	
粋（粹）	いき	粋	
衰	スイ	衰弱，盛衰，老衰	
衰	おとろえる	衰える，衰え	
推	スイ	推進，推薦	⇔押す
推	おす	推す	
酔（醉）	スイ	酔漢，麻酔，心酔	
酔（醉）	よう	酔う，酔い，二日酔い	
遂	スイ	遂行，未遂，完遂	
遂	とげる	遂げる	
睡	スイ	睡眠，熟睡，午睡	
穂（穗）	スイ	穂状，出穂期	
穂（穗）	ほ	穂，稲穂	
随（隨）	ズイ	随行，随意，追随	
髄（髓）	ズイ	骨髄，脳髄，真髄	
枢（樞）	スウ	枢軸，枢要，中枢	
崇	スウ	崇拝，崇高	
数（數）	スウ	数字，数量，年数	数珠（じゅず）
数（數）	ス	人数	数寄屋・数奇屋（すきや）
数（數）	かず	数	「人数」は，「ニンズウ」とも。
数（數）	かぞえる	数える，数え年	
据	すえる	据える，据え置く	⇔座る
据	すわる	据わる，据わり	
杉	すぎ	杉，杉並木	
裾	すそ	裾，裾野	
寸	スン	寸法，寸暇，一寸先	
瀬（瀨）	せ	瀬，浅瀬，立つ瀬	
是	ゼ	是非，是認，国是	
井	セイ	油井，市井	
井	ショウ	天井	
井	い	井戸	
世	セイ	世紀，時世，処世	
世	セ	世界，世間，出世	
世	よ	世，世の中	
正	セイ	正義，正誤，訂正	
正	ショウ	正直，正面，正月	
正	ただしい	正しい，正しさ	
正	ただす	正す	
正	まさ	正に，正夢	
生	セイ	生活，発生，先生	芝生（しばふ）
生	ショウ	生滅，一生，誕生	弥生（やよい）
生	いきる	生きる，長生き	
生	いかす	生かす	
生	いける	生ける，生け捕り	
生	うまれる	生まれる，生まれ	⇔産まれる
生	うむ	生む	⇔産む
生	おう	生い立ち，生い茂る	
生	はえる	生える，芽生える	
生	はやす	生やす	
生	き	生糸，生地，生一本	
生	なま	生の野菜，生水，生々しい	
成	セイ	成功，完成，賛成	
成	ジョウ	成就，成仏	
成	なる	成る，成り立つ	
成	なす	成す，成し遂げる	
西	セイ	西暦，西部，北西	
西	サイ	西国，東西	
西	にし	西，西日	
声（聲）	セイ	声楽，声援，名声	
声（聲）	ショウ	大音声	
声（聲）	こえ	声，呼び声，歌声	
声（聲）	こわ	声色	
制	セイ	制度，制限，統制	
姓	セイ	姓名，改姓，同姓	
姓	ショウ	百姓	
征	セイ	征服，遠征，出征	
性	セイ	性質，理性，男性	
性	ショウ	性分，相性，根性	
青	セイ	青天，青銅，青年	
青	ショウ	緑青，紺青，群青	
青	あお	青，青ざめる	真っ青（まっさお）
青	あおい	青い，青さ	
斉（齊）	セイ	斉唱，一斉	
政	セイ	政治，行政，家政	
政	ショウ	摂政	
政	まつりごと	政	
星	セイ	星座，流星，衛星	
星	ショウ	明星	
星	ほし	星，黒星	
牲	セイ	犠牲	
省	セイ	反省，内省，帰省	
省	ショウ	省略，各省	
省	かえりみる	省みる	⇔顧みる
省	はぶく	省く	
凄	セイ	凄惨，凄絶	
逝	セイ	逝去，急逝，長逝	
逝	ゆく	逝く	⇔行く
逝	いく	逝く	⇔行く
清	セイ	清潔，清算，粛清	清水（しみず）
清	ショウ	六根清浄	
清	きよい	清い，清らかだ	
清	きよまる	清まる	
清	きよめる	清める	
盛	セイ	盛大，隆盛，全盛	
盛	ジョウ	繁盛	
盛	もる	盛る，盛り上がる	
盛	さかる	燃え盛る，盛り，花盛り	
盛	さかん	盛んだ，盛んに	
婿	セイ	女婿	
婿	むこ	婿，花婿	
晴	セイ	晴天，晴雨，快晴	
晴	はれる	晴れる，晴れ，晴れやかだ	
晴	はらす	晴らす，気晴らし	
勢	セイ	勢力，優勢，情勢	
勢	いきおい	勢い	
聖	セイ	聖書，聖人，神聖	
誠	セイ	誠実，誠意，至誠	
誠	まこと	誠，誠に	
精	セイ	精米，精密，精力	
精	ショウ	精進，不精	
製	セイ	製造，製鉄，鉄製	
誓	セイ	誓約，誓詞，宣誓	
誓	ちかう	誓う，誓い	
静（靜）	セイ	静止，静穏，安静	
静（靜）	ジョウ	静脈	
静（靜）	しず	静々と，静けさ	
静（靜）	しずか	静かだ	
静（靜）	しずまる	静まる	⇔鎮まる
静（靜）	しずめる	静める	⇔鎮める，沈める
請	セイ	請求，請願，申請	
請	シン	普請	
請	こう	請う	⇔乞う
請	うける	請ける，請負，下請け	⇔受ける
整	セイ	整理，整列，調整	
整	ととのえる	整える	⇔調える
整	ととのう	整う	⇔調う
醒	セイ	覚醒	
税	ゼイ	税金，免税，関税	
夕	セキ	今夕，一朝一夕	七夕（たなばた）
夕	ゆう	夕方，夕日，夕べ	
斥	セキ	斥候，排斥	
石	セキ	石材，岩石，宝石	
石	シャク	磁石	
石	コク	石高，千石船	
石	いし	石，小石	
赤	セキ	赤道，赤貧，発赤	
赤	シャク	赤銅	
赤	あか	赤，赤字，赤ん坊	真っ赤（まっか）
赤	あかい	赤い	
赤	あからむ	赤らむ	
赤	あからめる	赤らめる	
昔	セキ	昔日，昔年，昔時	
昔	シャク	今昔	
昔	むかし	昔，昔話	
析	セキ	析出，分析，解析	
席	セキ	席上，座席，出席	寄席（よせ）
脊	セキ	脊髄，脊柱	
隻	セキ	隻手，数隻	
惜	セキ	惜敗，痛惜，愛惜	
惜	おしい	惜しい	
惜	おしむ	惜しむ，負け惜しみ	
戚	セキ	親戚	
責	セキ	責務，責任，職責	
責	せめる	責める，責め	
跡	セキ	追跡，旧跡，遺跡	⇔後，痕
跡	あと	跡，足跡，屋敷跡	
積	セキ	積雪，蓄積，面積	
積	つむ	積む，下積み	
積	つもる	積もる，見積書	
績	セキ	紡績，成績，業績	
籍	セキ	書籍，戸籍，本籍	
切	セツ	切断，親切，切に	
切	サイ	一切	
切	きる	切る	⇔斬る
切	きれる	切れる	
折	セツ	折衷，折衝，屈折	
折	おる	折る，折り紙，折り箱	
折	おり	折，……する折	
折	おれる	折れる，名折れ	
拙	セツ	拙劣，拙速，巧拙	
拙	つたない	拙い	
窃（竊）	セツ	窃盗，窃取	
接	セツ	接触，接待，直接	⇔継ぐ
接	つぐ	接ぐ，接ぎ木，骨接ぎ	
設	セツ	設立，設備，建設	
設	もうける	設ける	
雪	セツ	雪辱，降雪，積雪	雪崩（なだれ）
雪	ゆき	雪，雪解け，初雪	吹雪（ふぶき）
摂（攝）	セツ	摂取，摂生	
節（節）	セツ	節約，季節，関節	
節（節）	セチ	お節料理	
節（節）	ふし	節，節穴	
説	セツ	説明，小説，演説	
説	ゼイ	遊説	
説	とく	説く	
舌	ゼツ	舌端，弁舌，筆舌	
舌	した	舌，猫舌，二枚舌	
絶	ゼツ	絶妙，絶食，断絶	⇔裁つ，断つ
絶	たえる	絶える	
絶	たやす	絶やす	
絶	たつ	絶つ	
千	セン	千円，千人力，千差万別	
千	ち	千草，千々に	
川	セン	川柳，河川	
川	かわ	川，川岸，小川	川原（かわら）
川			⇔河
仙	セン	仙骨，仙人，酒仙	
占	セン	占拠，占星術，独占	
占	しめる	占める，買い占め	
占	うらなう	占う，占い	
先	セン	先方，先生，率先	
先	さき	先，先立つ	
宣	セン	宣言，宣誓，宣伝	
専（專）	セン	専門，専属，専用	
専（專）	もっぱら	専ら	
泉	セン	泉水，源泉，温泉	
泉	いずみ	泉	
浅（淺）	セン	浅薄，浅学，深浅	
浅（淺）	あさい	浅い，浅瀬，遠浅	
洗	セン	洗面，洗練，洗剤	
洗	あらう	洗う	
染	セン	染色，染料，汚染	
染	そめる	染める，染め物	
染	そまる	染まる	
染	しみる	染みる，油染みる	
染	しみ	染み，染み抜き	
扇	セン	扇子，扇風機，扇状地	
扇	おうぎ	扇，舞扇	
栓	セン	栓，給水栓，消火栓	
旋	セン	旋回，旋律，周旋	
船	セン	船舶，乗船，汽船	⇔舟
船	ふね	船，大船，親船	
船	ふな	船旅，船賃	
戦（戰）	セン	戦争，苦戦，論戦	⇔闘う
戦（戰）	いくさ	戦，勝ち戦	
戦（戰）	たたかう	戦う，戦い	
煎	セン	煎茶	＊［（付）第２の３参照］
煎	いる	煎る，煎り豆	
羨	セン	羨望	
羨	うらやむ	羨む	
羨	うらやましい	羨ましい	
腺	セン	前立腺，涙腺	
詮	セン	詮索，所詮	＊［（付）第２の３参照］
践（踐）	セン	実践	
箋	セン	処方箋，便箋	＊［（付）第２の３参照］
銭（錢）	セン	銭湯，金銭	
銭（錢）	ぜに	銭，銭入れ，小銭	
潜（潛）	セン	潜水，潜在的，沈潜	
潜（潛）	ひそむ	潜む	
潜（潛）	もぐる	潜る，潜り込む	
線	セン	線路，点線，光線	
遷	セン	遷延，遷都，変遷	
選	セン	選択，選挙，当選	
選	えらぶ	選ぶ	
薦	セン	推薦，自薦	⇔進める，勧める
薦	すすめる	薦める	
繊（纖）	セン	繊細，繊維，化繊	
鮮	セン	鮮魚，鮮明，新鮮	
鮮	あざやか	鮮やかだ	
全	ゼン	全部，全国，完全	
全	まったく	全く，全うする	
全	すべて	全て	
前	ゼン	前後，以前，空前	
前	まえ	前，前向き，名前	
善	ゼン	善悪，善処，慈善	⇔良い
善	よい	善い	
然	ゼン	当然，自然，必然	
然	ネン	天然	
禅（禪）	ゼン	禅宗，禅寺，座禅	
漸	ゼン	漸次，漸進的，東漸	
膳	ゼン	膳，配膳	
繕	ゼン	修繕，営繕	
繕	つくろう	繕う，繕い	
狙	ソ	狙撃	
狙	ねらう	狙う，狙い	
阻	ソ	阻止，阻害，険阻	
阻	はばむ	阻む	
祖（祖）	ソ	祖父，祖述，元祖	
租	ソ	租税，公租公課	
素	ソ	素材，元素，平素	素人（しろうと）
素	ス	素顔，素手，素性	
措	ソ	措置，措辞，挙措	
粗	ソ	粗密，粗野，精粗	⇔荒い
粗	あらい	粗い	
組	ソ	組織，組成，改組	
組	くむ	組む，組み込む	
組	くみ	組，組長，赤組	
疎	ソ	疎密，疎外，親疎	
疎	うとい	疎い	
疎	うとむ	疎む，疎ましい	
訴	ソ	訴訟，告訴，哀訴	
訴	うったえる	訴える，訴え	
塑	ソ	塑像，彫塑，可塑性	
遡［遡］	ソ	遡及，遡上	［遡］＝許容字体，
遡［遡］	さかのぼる	遡る	＊［（付）第２の１参照］
礎	ソ	礎石，基礎，定礎	
礎	いしずえ	礎	
双（雙）	ソウ	双肩，双方，無双	⇔二
双（雙）	ふた	双子，双葉	
壮（壯）	ソウ	壮大，壮健，強壮	
早	ソウ	早朝，早晩，早々に	早乙女（さおとめ）
早	サッ	早速，早急	早苗（さなえ）
早	はやい	早い，早口，素早い	⇔速い
早	はやまる	早まる	⇔速まる
早	はやめる	早める	⇔速める
争（爭）	ソウ	争議，競争，紛争	
争（爭）	あらそう	争う，争い	
走	ソウ	走行，競走，滑走	師走（しわす）
走	はしる	走る，先走る	
奏	ソウ	奏楽，演奏，合奏	
奏	かなでる	奏でる	
相	ソウ	相当，相談，真相	相撲（すもう）
相	ショウ	首相，宰相	
相	あい	相手，相宿	
荘（莊）	ソウ	荘厳，荘重，別荘	
草	ソウ	草案，雑草，牧草	草履（ぞうり）
草	くさ	草，草花，語り草	
送	ソウ	送別，放送，運送	⇔贈る
送	おくる	送る，見送り	
倉	ソウ	倉庫，穀倉	⇔蔵
倉	くら	倉，倉敷料	
捜（搜）	ソウ	捜索，捜査	⇔探す
捜（搜）	さがす	捜す	
挿（插）	ソウ	挿入，挿話	⇔差す，刺す，指す
挿（插）	さす	挿す，挿絵，挿し木	
桑	ソウ	桑園	
桑	くわ	桑，桑畑	
巣（巢）	ソウ	営巣，卵巣，病巣	
巣（巢）	す	巣，巣箱，巣立つ	
掃	ソウ	掃除，清掃，一掃	
掃	はく	掃く	
曹	ソウ	法曹，法曹界，陸曹	
曽（曾）	ソウ	曽祖父，曽孫	
曽（曾）	ゾ	未曽有	
爽	ソウ	爽快	
爽	さわやか	爽やかだ	
窓	ソウ	車窓，同窓，深窓	
窓	まど	窓，窓口，出窓	
創	ソウ	創造，独創，刀創	⇔作る，造る
創	つくる	創る	
喪	ソウ	喪失	
喪	も	喪，喪服，喪主	
痩（瘦）	ソウ	痩身	
痩（瘦）	やせる	痩せる	
葬	ソウ	葬儀，埋葬，会葬	
葬	ほうむる	葬る	
装（裝）	ソウ	装置，服装，変装	
装（裝）	ショウ	装束，衣装	
装（裝）	よそおう	装う，装い	
僧（僧）	ソウ	僧院，高僧，尼僧	
想	ソウ	想像，感想，予想	
想	ソ	愛想	
層（層）	ソウ	層雲，高層，断層	
総（總）	ソウ	総合，総意，総括	
遭	ソウ	遭遇，遭難	⇔合う，会う
遭	あう	遭う	
槽	ソウ	水槽，浴槽	
踪	ソウ	失踪	
操	ソウ	操縦，操作，節操	
操	みさお	操	
操	あやつる	操る，操り人形	
燥	ソウ	乾燥，焦燥，高燥	
霜	ソウ	霜害，晩霜	
霜	しも	霜，霜柱，初霜	
騒（騷）	ソウ	騒動，騒音，物騒	
騒（騷）	さわぐ	騒ぐ，騒ぎ，騒がしい	
藻	ソウ	藻類，海藻，詞藻	
藻	も	藻	
造	ゾウ	造船，造花，構造	⇔作る，創る
造	つくる	造る	
像	ゾウ	肖像，現像，想像	
増（增）	ゾウ	増減，増加，激増	
増（增）	ます	増す，水増し	
増（增）	ふえる	増える	⇔殖える
増（增）	ふやす	増やす	⇔殖やす
憎（憎）	ゾウ	憎悪，愛憎	
憎（憎）	にくむ	憎む	
憎（憎）	にくい	憎い，憎さ	
憎（憎）	にくらしい	憎らしい	
憎（憎）	にくしみ	憎しみ	
蔵（藏）	ゾウ	蔵書，貯蔵，土蔵	⇔倉
蔵（藏）	くら	蔵，酒蔵	
贈（贈）	ゾウ	贈与，贈呈，贈答	
贈（贈）	ソウ	寄贈	「寄贈」は，「キゾウ」とも。
贈（贈）	おくる	贈る，贈り物	⇔送る
臓（臟）	ゾウ	臓器，内臓，心臓	
即（卽）	ソク	即応，即席，即興	
束	ソク	束縛，結束，約束	
束	たば	束，花束，束ねる	
足	ソク	足跡，遠足，補足	足袋（たび）
足	あし	足，足音，素足	⇔脚
足	たりる	足りる	
足	たる	舌足らず	
足	たす	足す	
促	ソク	促進，促成，催促	
促	うながす	促す	
則	ソク	法則，鉄則，変則	
息	ソク	休息，消息，子息	息吹（いぶき）
息	いき	息，息巻く，吐息	息子（むすこ）
捉	ソク	捕捉	⇔捕らえる
捉	とらえる	捉える	
速	ソク	速度，敏速，時速	⇔早い
速	はやい	速い，速さ	⇔早める
速	はやめる	速める	⇔早まる
速	はやまる	速まる	
速	すみやか	速やかだ	
側	ソク	側面，側近，側壁	「かわ」とも。
側	がわ	側，裏側，片側	
測	ソク	測量，目測，推測	⇔計る，量る，図る
測	はかる	測る	
俗	ゾク	俗事，風俗，民俗	
族	ゾク	一族，家族，民族	
属（屬）	ゾク	属性，従属，金属	
賊	ゾク	賊軍，盗賊	
続（續）	ゾク	続出，続行，連続	
続（續）	つづく	続く，続き	
続（續）	つづける	続ける	
卒	ソツ	卒業，卒中，兵卒	
率	ソツ	率先，引率，軽率	
率	リツ	比率，能率，百分率	
率	ひきいる	率いる	
存	ソン	存在，存続，既存	
存	ゾン	存分，保存，存じます	
村	ソン	村長，村落，農村	
村	むら	村，村里，村芝居	
孫	ソン	子孫，嫡孫	
孫	まご	孫	
尊	ソン	尊敬，尊大，本尊	
尊	たっとい	尊い	⇔貴い
尊	とうとい	尊い	⇔貴い
尊	たっとぶ	尊ぶ	⇔貴ぶ
尊	とうとぶ	尊ぶ	⇔貴ぶ
損	ソン	損失，欠損，破損	
損	そこなう	損なう，見損なう	
損	そこねる	損ねる	
遜［遜］	ソン	謙遜，不遜	［遜］＝許容字体，
遜［遜］			＊［（付）第２の１参照］
他	タ	他国，自他，排他的	⇔外
他	ほか	他，○○の他	
多	タ	多少，多数，雑多	
多	おおい	多い	
汰	タ	沙汰	
打	ダ	打撃，打破，乱打	⇔撃つ，討つ
打	うつ	打つ	
妥	ダ	妥当，妥結，妥協	
唾	ダ	唾液，唾棄	固唾（かたず）
唾	つば	唾，眉唾	「唾」は，「つばき」とも。
堕（墮）	ダ	堕落	
惰	ダ	惰眠，惰気，怠惰	
駄	ダ	駄菓子，駄作，無駄	
太	タイ	太陽，太鼓，皇太子	太刀（たち）
太	タ	丸太	
太	ふとい	太い	
太	ふとる	太る	
対（對）	タイ	対立，絶対，反対	
対（對）	ツイ	対句，一対	
体（體）	タイ	体格，人体，主体	
体（體）	テイ	体裁，風体	
体（體）	からだ	体，体つき	
耐	タイ	耐久，耐火，忍耐	⇔堪える
耐	たえる	耐える	
待	タイ	待機，待遇，期待	
待	まつ	待つ，待ち遠しい	
怠	タイ	怠惰，怠慢	
怠	おこたる	怠る	
怠	なまける	怠ける，怠け者	
胎	タイ	胎児，受胎，母胎	
退	タイ	退却，退屈，進退	立ち退く（たちのく）
退	しりぞく	退く	
退	しりぞける	退ける	
帯（帶）	タイ	携帯，地帯，連帯	
帯（帶）	おびる	帯びる	
帯（帶）	おび	帯，角帯	
泰	タイ	泰然，泰斗，安泰	
堆	タイ	堆積	
袋	タイ	風袋，郵袋	足袋（たび）
袋	ふくろ	袋，紙袋	
逮	タイ	逮捕，逮夜	
替	タイ	代替	為替（かわせ）
替	かえる	替える，両替	⇔換える，代える，変える
替	かわる	替わる	⇔換わる，代わる，変わる
貸	タイ	貸借，貸与，賃貸	
貸	かす	貸す，貸し	
隊	タイ	隊列，軍隊，部隊	
滞（滯）	タイ	滞在，滞貨，沈滞	
滞（滯）	とどこおる	滞る	
態	タイ	態勢，形態，容態	
戴	タイ	戴冠，頂戴	
大	ダイ	大小，大胆，拡大	大人（おとな）
大	タイ	大衆，大した，大して	大和（やまと）
大	おお	大型，大通り，大水	
大	おおきい	大きい，大きさ，大きな	
大	おおいに	大いに	
代	ダイ	代理，世代，現代	⇔換わる，替わる，変わる
代	タイ	代謝，交代	⇔換える，替える，変える
代	かわる	代わる，代わり	
代	かえる	代える	
代	よ	代，神代	
代	しろ	代物，苗代	
台（臺）	ダイ	台地，灯台，一台	
台（臺）	タイ	台風，舞台	
第	ダイ	第一，第三者，及第	
題	ダイ	題名，問題，出題	
滝（瀧）	たき	滝，滝つぼ	
宅	タク	宅地，自宅，帰宅	
択（擇）	タク	選択，採択，二者択一	
沢（澤）	タク	光沢，潤沢	
沢（澤）	さわ	沢	
卓	タク	卓越，卓球，食卓	
拓	タク	拓本，開拓	
託	タク	託宣，委託，結託	
濯	タク	洗濯	
諾	ダク	諾否，承諾，快諾	
濁	ダク	濁流，濁音，清濁	
濁	にごる	濁る，濁り	
濁	にごす	濁す	
但	ただし	但し，但し書き	
達	タツ	達人，調達，伝達	友達（ともだち）
脱	ダツ	脱衣，脱出，虚脱	
脱	ぬぐ	脱ぐ	
脱	ぬげる	脱げる	
奪	ダツ	奪回，奪取，争奪	
奪	うばう	奪う，奪い取る	
棚	たな	棚，戸棚，大陸棚	
誰	だれ	誰	
丹	タン	丹念，丹精	
旦	タン	一旦，元旦	
旦	ダン	旦那	
担（擔）	タン	担当，担架，負担	
担（擔）	かつぐ	担ぐ	
担（擔）	になう	担う	
単（單）	タン	単独，単位，簡単	
炭	タン	炭鉱，木炭，石炭	
炭	すみ	炭，炭火，消し炭	
胆（膽）	タン	大胆，落胆，魂胆	
探	タン	探求，探訪，探知	⇔捜す
探	さぐる	探る，探り	
探	さがす	探す	
淡	タン	淡水，濃淡，冷淡	
淡	あわい	淡い，淡雪	
短	タン	短歌，短所，長短	
短	みじかい	短い	
嘆（嘆）	タン	嘆息，嘆願，驚嘆	
嘆（嘆）	なげく	嘆く，嘆き	
嘆（嘆）	なげかわしい	嘆かわしい	
端	タン	端正，末端，極端	
端	はし	端，片端	
端	は	端数，半端，軒端	
端	はた	端，川端，道端	
綻	タン	破綻	
綻	ほころびる	綻びる	
誕	タン	誕生，生誕	
鍛	タン	鍛錬	鍛冶（かじ）
鍛	きたえる	鍛える，鍛え方	
団（團）	ダン	団結，団地，集団	
団（團）	トン	布団	
男	ダン	男子，男女，男性	
男	ナン	長男，美男，善男善女	
男	おとこ	男，男らしい	
段	ダン	段落，階段，手段	
断（斷）	ダン	断絶，断定，判断	⇔裁つ，絶つ
断（斷）	たつ	断つ，塩断ち	
断（斷）	ことわる	断る，断り	
弾（彈）	ダン	弾力，弾圧，爆弾	
弾（彈）	ひく	弾く，弾き手	⇔引く
弾（彈）	はずむ	弾む，弾み	
弾（彈）	たま	弾	⇔玉，球
暖	ダン	暖流，暖房，温暖	
暖	あたたか	暖かだ	⇔温か
暖	あたたかい	暖かい	⇔温かい
暖	あたたまる	暖まる	⇔温まる
暖	あたためる	暖める	⇔温める
談	ダン	談話，談判，相談	
壇	ダン	壇上，花壇，文壇	
壇	タン	土壇場	
地	チ	地下，天地，境地	心地（ここち）
地	ジ	地面，地震，地元	意気地（いくじ）
池	チ	貯水池，電池	
池	いけ	池，古池	
知	チ	知識，知人，通知	
知	しる	知る，物知り	
値	チ	価値，数値，絶対値	⇔価
値	ね	値，値段	
値	あたい	値，値する	
恥	チ	恥辱，無恥，破廉恥	
恥	はじる	恥じる，恥じ入る	
恥	はじ	恥，生き恥	
恥	はじらう	恥じらう，恥じらい	
恥	はずかしい	恥ずかしい	
致	チ	誘致，合致，風致	
致	いたす	致す	
遅（遲）	チ	遅延，遅刻，遅速	⇔後れる
遅（遲）	おくれる	遅れる，遅れ	
遅（遲）	おくらす	遅らす	
遅（遲）	おそい	遅い，遅咲き	
痴（癡）	チ	痴情，愚痴	
稚	チ	稚魚，稚拙，幼稚	稚児（ちご）
置	チ	位置，放置，処置	
置	おく	置く	
緻	チ	緻密，精緻	
竹	チク	竹林，竹馬の友，爆竹	竹刀（しない）
竹	たけ	竹，竹やぶ，さお竹	
畜	チク	畜産，牧畜，家畜	
逐	チク	逐次，逐一，駆逐	
蓄	チク	蓄積，蓄電池，貯蓄	
蓄	たくわえる	蓄える，蓄え	
築	チク	築港，建築，改築	築山（つきやま）
築	きずく	築く，築き上げる	
秩	チツ	秩序	
窒	チツ	窒息，窒素	
茶	チャ	茶色，茶番劇，番茶	
茶	サ	茶菓，茶話会，喫茶	
着	チャク	着用，着手，土着	
着	ジャク	愛着，執着	「愛着」，「執着」は，「アイチャク」，「シュウチャク」とも。
着	きる	着る，着物，晴れ着	
着	きせる	着せる，お仕着せ	⇔付く，就く
着	つく	着く，船着き場	⇔付ける，就ける
着	つける	着ける	
嫡	チャク	嫡子，嫡流	
中	チュウ	中央，中毒，胸中	⇔仲
中	ジュウ	○○中	
中	なか	中，中庭，真ん中	
仲	チュウ	仲介，仲裁，伯仲	
仲	なか	仲，仲間	仲人（なこうど）
仲			⇔中
虫（蟲）	チュウ	虫類，幼虫，害虫	
虫（蟲）	むし	虫，毛虫	
沖	チュウ	沖積層，沖天，沖する	
沖	おき	沖	
宙	チュウ	宙返り，宇宙	
忠	チュウ	忠実，忠勤，誠忠	
抽	チュウ	抽出，抽象	
注	チュウ	注入，注意，発注	
注	そそぐ	注ぐ	
昼（晝）	チュウ	昼夜，昼食，白昼	
昼（晝）	ひる	昼，昼寝，真昼	
柱	チュウ	支柱，円柱，電柱	
柱	はしら	柱，帆柱，大黒柱	
衷	チュウ	衷心，折衷，苦衷	
酎	チュウ	焼酎	
鋳（鑄）	チュウ	鋳造，鋳鉄，改鋳	
鋳（鑄）	いる	鋳る，鋳物，鋳型	
駐	チュウ	駐車，駐在，進駐	
著（著）	チョ	著名，著作，顕著	⇔表す，現す
著（著）	あらわす	著す	
著（著）	いちじるしい	著しい，著しさ	
貯	チョ	貯蓄，貯金，貯水池	
丁	チョウ	丁数，落丁，二丁目	
丁	テイ	丁字路，甲乙丙丁	
弔	チョウ	弔問，弔辞，慶弔	
弔	とむらう	弔う，弔い	
庁（廳）	チョウ	庁舎，官庁，県庁	
兆	チョウ	兆候，前兆，億兆	
兆	きざす	兆す	
兆	きざし	兆し	
町	チョウ	町会，市町村	⇔街
町	まち	町，町外れ	
長	チョウ	長女，長所，成長	⇔永い
長	ながい	長い，長さ	
挑	チョウ	挑戦，挑発	
挑	いどむ	挑む	
帳	チョウ	帳面，帳簿，通帳	蚊帳（かや）
張	チョウ	張力，拡張，主張	⇔貼る
張	はる	張る，欲張る，引っ張る	
彫	チョウ	彫刻，彫塑，木彫	
彫	ほる	彫る，木彫り	
眺	チョウ	眺望	
眺	ながめる	眺める，眺め	
釣	チョウ	釣果，釣魚，釣艇	
釣	つる	釣る，釣り，釣り合い	
頂	チョウ	頂上，頂点，絶頂	「山頂」の意。
頂	いただく	頂く，頂き物	
頂	いただき	頂	
鳥	チョウ	鳥類，野鳥，一石二鳥	鳥取（とっとり）県
鳥	とり	鳥，鳥居，小鳥	
朝	チョウ	朝食，早朝，今朝	今朝（けさ）
朝	あさ	朝，朝日，毎朝	
貼	チョウ	貼付	「貼付」は，「テンプ」とも。
貼	はる	貼る	⇔張る
超	チョウ	超越，超過，入超	
超	こえる	超える	⇔越える
超	こす	超す	⇔越す
腸	チョウ	腸炎，大腸，胃腸	
跳	チョウ	跳躍	⇔飛ぶ
跳	はねる	跳ねる	
跳	とぶ	跳ぶ，縄跳び	
徴（徵）	チョウ	徴収，特徴，象徴	
嘲	チョウ	嘲笑，自嘲	＊［（付）第２の３参照］
嘲	あざける	嘲る	
潮	チョウ	潮流，満潮，風潮	
潮	しお	潮，潮風	
澄	チョウ	清澄	
澄	すむ	澄む，上澄み	
澄	すます	澄ます，澄まし顔	
調	チョウ	調和，調査，好調	
調	しらべる	調べる，調べ	
調	ととのう	調う	⇔整う
調	ととのえる	調える	⇔整える
聴（聽）	チョウ	聴覚，聴衆，傍聴	⇔聞く
聴（聽）	きく	聴く	
懲（懲）	チョウ	懲罰，懲戒，懲役	
懲（懲）	こりる	懲りる，性懲りもなく	
懲（懲）	こらす	懲らす	
懲（懲）	こらしめる	懲らしめる	
直	チョク	直立，直接，実直	
直	ジキ	直訴，直筆，正直	
直	ただちに	直ちに	
直	なおす	直す，手直し	⇔治す
直	なおる	直る，仲直り	⇔治る
勅（敕）	チョク	勅語，勅使，詔勅	
捗	チョク	進捗	＊［（付）第２の３参照］
沈	チン	沈滞，沈黙，浮沈	
沈	しずむ	沈む，浮き沈み	
沈	しずめる	沈める	⇔静める，鎮める
珍	チン	珍客，珍重，珍妙	
珍	めずらしい	珍しい，珍しさ，珍しがる	
朕	チン		
陳	チン	陳列，陳謝，開陳	
賃	チン	賃金，賃上げ，運賃	
鎮（鎭）	チン	鎮座，鎮静，重鎮	
鎮（鎭）	しずめる	鎮める	⇔静める，沈める
鎮（鎭）	しずまる	鎮まる	⇔静まる
追	ツイ	追跡，追放，訴追	
追	おう	追う	
椎	ツイ	椎間板，脊椎	
墜	ツイ	墜落，墜死，撃墜	
通	ツウ	通行，通読，普通	
通	ツ	通夜	
通	とおる	通る，通り	
通	とおす	通す，通し	
通	かよう	通う，通い	
痛	ツウ	痛快，苦痛，心痛	
痛	いたい	痛い，痛さ	
痛	いたむ	痛む，痛み，痛ましい	⇔傷む，悼む
痛	いためる	痛める	⇔傷める
塚（塚）	つか	塚，貝塚	
漬	つける	漬ける，漬物	
漬	つかる	漬かる	
坪	つぼ	坪数，建坪	
爪	つめ	爪，生爪	
爪	つま	爪先，爪弾く	
鶴	つる	鶴，千羽鶴	
低	テイ	低級，低気圧，高低	
低	ひくい	低い，低さ	
低	ひくめる	低める	
低	ひくまる	低まる	
呈	テイ	呈上，進呈，贈呈	
廷	テイ	宮廷，法廷，出廷	
弟	テイ	弟妹，義弟，子弟	
弟	ダイ	兄弟	
弟	デ	弟子	
弟	おとうと	弟	
定	テイ	定価，安定，決定	
定	ジョウ	定石，定紋，必定	
定	さだめる	定める，定め	
定	さだまる	定まる	
定	さだか	定かだ	
底	テイ	底流，海底，到底	
底	そこ	底，奥底	
抵	テイ	抵抗，抵触，大抵	
邸	テイ	邸宅，邸内，私邸	
亭	テイ	亭主，料亭	
貞	テイ	貞淑，貞操，貞節	
帝	テイ	帝王，帝国，皇帝	
訂	テイ	訂正，改訂	
庭	テイ	庭園，校庭，家庭	
庭	にわ	庭，庭先	
逓（遞）	テイ	逓信，逓送，逓減	
停	テイ	停止，停車，調停	
偵	テイ	偵察，探偵，内偵	
堤	テイ	堤防，防波堤	
堤	つつみ	堤	
提	テイ	提供，提案，前提	⇔下げる
提	さげる	提げる，手提げ	
程	テイ	程度，日程，過程	
程	ほど	程，程遠い，身の程	
艇	テイ	艦艇，舟艇，競艇	
締	テイ	締結	
締	しまる	締まる，締まり	⇔閉まる，絞まる
締	しめる	締める，締め切る，引き締め	⇔閉める，絞める
諦	テイ	諦観，諦念	
諦	あきらめる	諦める	
泥	デイ	泥土，雲泥，拘泥	
泥	どろ	泥，泥沼，泥棒	
的	テキ	的中，目的，科学的	
的	まと	的，的外れ	
笛	テキ	汽笛，警笛，牧笛	
笛	ふえ	笛，口笛	
摘	テキ	摘要，摘発，指摘	
摘	つむ	摘む，摘み草	
滴	テキ	水滴，点滴，一滴	
滴	しずく	滴	
滴	したたる	滴る，滴り	
適	テキ	適切，適度，快適	
敵	テキ	敵，敵意，匹敵	
敵	かたき	敵，敵役，商売敵	
溺	デキ	溺愛，溺死	＊［（付）第２の３参照］
溺	おぼれる	溺れる	
迭	テツ	更迭	
哲	テツ	哲学，哲人，先哲	
鉄（鐵）	テツ	鉄道，鉄筋，鋼鉄	
徹	テツ	徹底，徹夜，貫徹	
撤	テツ	撤去，撤回，撤兵	
天	テン	天地，天然，雨天	
天	あめ	天	
天	あま	天の川，天下り	
典	テン	典拠，古典，式典	
店	テン	店舗，開店，本店	
店	みせ	店，夜店	
点（點）	テン	点線，点火，採点	
展	テン	展示，展開，発展	
添	テン	添加，添付，添削	⇔沿う
添	そえる	添える，添え手紙	
添	そう	添う，付き添う	
転（轉）	テン	転出，回転，運転	
転（轉）	ころがる	転がる	
転（轉）	ころげる	転げる	
転（轉）	ころがす	転がす	
転（轉）	ころぶ	転ぶ	
塡	テン	装塡，補塡	＊［（付）第２の３参照］
田	デン	田地，水田，油田	田舎（いなか）
田	た	田，田植え	
伝（傳）	デン	伝言，伝統，宣伝	伝馬船（てんません）
伝（傳）	つたわる	伝わる	
伝（傳）	つたえる	伝える，言い伝え	
伝（傳）	つたう	伝う	手伝（てつだ）う
殿	デン	殿堂，宮殿，貴殿	
殿	テン	御殿	
殿	との	殿様，殿方	
殿	どの	○○殿	
電	デン	電気，電報，発電	
斗	ト	斗酒，北斗七星	
吐	ト	吐露，吐血，音吐朗々	
吐	はく	吐く，吐き気	
妬	ト	嫉妬	
妬	ねたむ	妬む	
徒	ト	徒歩，徒労，信徒	
途	ト	途上，帰途，前途	
都（都）	ト	都会，都心，首都	
都（都）	ツ	都合，都度	
都（都）	みやこ	都，都落ち	
渡	ト	渡航，渡河，譲渡	
渡	わたる	渡る，渡り	
渡	わたす	渡す，渡し	
塗	ト	塗布，塗装，塗料	
塗	ぬる	塗る，塗り	
賭	ト	賭場，賭博	＊［（付）第２の３参照］
賭	かける	賭ける，賭け	⇔掛ける，懸ける，架ける
土	ド	土木，国土，粘土	土産（みやげ）
土	ト	土地	
土	つち	土，赤土	
奴	ド	奴隷，守銭奴	
努	ド	努力	⇔勤める，務める
努	つとめる	努める，努めて〔副〕	
度	ド	度胸，制度，限度	
度	ト	法度	
度	タク	支度	
度	たび	度，度重なる，この度	
怒	ド	怒号，怒気，激怒	
怒	いかる	怒る，怒り，怒り狂う	
怒	おこる	怒る	
刀	トウ	刀剣，短刀，名刀	太刀（たち）
刀	かたな	刀	竹刀（しない）
冬	トウ	冬季，冬至，越冬	
冬	ふゆ	冬，冬枯れ	
灯（燈）	トウ	灯火，電灯，点灯	⇔火
灯（燈）	ひ	灯	
当（當）	トウ	当惑，当然，妥当	⇔宛てる，充てる
当（當）	あたる	当たる，当たり	
当（當）	あてる	当てる，当て	
投	トウ	投資，投下，暴投	投網（とあみ）
投	なげる	投げる，身投げ	
豆	トウ	豆腐，納豆	小豆（あずき）
豆	ズ	大豆	
豆	まめ	豆，豆粒，煮豆	
東	トウ	東西，東国，以東	
東	ひがし	東，東側	
到	トウ	到着，到底，周到	
逃	トウ	逃走，逃亡，逃避	
逃	にげる	逃げる，夜逃げ	
逃	にがす	逃がす	
逃	のがす	逃す，見逃す	
逃	のがれる	逃れる，一時逃れ	
倒	トウ	倒産，圧倒，傾倒	
倒	たおれる	倒れる，共倒れ	
倒	たおす	倒す	
凍	トウ	凍結，凍死，冷凍	
凍	こおる	凍る，凍り付く	
凍	こごえる	凍える，凍え死に	
唐	トウ	唐本，唐突	
唐	から	唐織，唐草模様	
島	トウ	島民，半島，列島	
島	しま	島，島国，離れ島	
桃	トウ	桃源郷，白桃，桜桃	
桃	もも	桃，桃色	
討	トウ	討伐，討論，検討	⇔打つ，撃つ
討	うつ	討つ，敵討ち	
透	トウ	透写，透明，浸透	
透	すく	透く	
透	すかす	透かす，透かし	
透	すける	透ける	
党（黨）	トウ	党派，政党，徒党	
悼	トウ	悼辞，哀悼，追悼	⇔痛む，傷む
悼	いたむ	悼む	
盗（盜）	トウ	盗難，盗用，強盗	
盗（盜）	ぬすむ	盗む，盗み	
陶	トウ	陶器，陶酔，薫陶	
塔	トウ	五重の塔，石塔	
搭	トウ	搭載，搭乗，搭乗券	
棟	トウ	上棟，病棟	
棟	むね	棟，別棟	
棟	むな	棟木	
湯	トウ	湯治，熱湯，微温湯	
湯	ゆ	湯，湯水，煮え湯	
痘	トウ	種痘，水痘，天然痘	
登	トウ	登壇，登校，登記	⇔上る，昇る
登	ト	登山，登城	
登	のぼる	登る，山登り	
答	トウ	答弁，応答，問答	⇔応える
答	こたえる	答える	
答	こたえ	答え	
等	トウ	等分，等級，平等	
等	ひとしい	等しい	
筒	トウ	封筒，水筒，円筒形	
筒	つつ	筒，筒抜け	
統	トウ	統一，統計，伝統	
統	すべる	統べる	
稲（稻）	トウ	水稲，陸稲	
稲（稻）	いね	稲，稲刈り	
稲（稻）	いな	稲作，稲穂	
踏	トウ	踏破，踏襲，高踏的	
踏	ふむ	踏む，足踏み	
踏	ふまえる	踏まえる	
糖	トウ	糖分，砂糖，製糖	
頭	トウ	頭部，年頭，船頭	
頭	ズ	頭脳，頭上，頭痛	
頭	ト	音頭	
頭	あたま	頭，頭金，頭打ち	
頭	かしら	頭，頭文字，旗頭	
謄	トウ	謄写，謄本	
藤	トウ	葛藤	
藤	ふじ	藤，藤色	
闘（鬭）	トウ	闘争，闘志，戦闘	⇔戦う
闘（鬭）	たたかう	闘う，闘い	
騰	トウ	騰貴，暴騰，沸騰	
同	ドウ	同情，異同，混同	
同	おなじ	同じ，同じだ，同い年	
洞	ドウ	洞穴，洞察，空洞	
洞	ほら	洞穴	
胴	ドウ	胴体，双胴船	
動	ドウ	動物，活動，騒動	
動	うごく	動く，動き	
動	うごかす	動かす	
堂	ドウ	堂々と，殿堂，母堂	
童	ドウ	童話，童心，児童	
童	わらべ	童，童歌	
道	ドウ	道路，道徳，報道	
道	トウ	神道	
道	みち	道，近道	
働	ドウ	労働，実働	
働	はたらく	働く，働き	
銅	ドウ	銅器，銅像，青銅	
導	ドウ	導入，指導，半導体	
導	みちびく	導く，導き	
瞳	ドウ	瞳孔	
瞳	ひとみ	瞳	
峠	とうげ	峠，峠道	
匿	トク	匿名，隠匿	
特	トク	特殊，特産，独特	
得	トク	得意，会得，損得	⇔獲る
得	える	得る	
得	うる	得るところ，書き得る	
督	トク	督促，督励，監督	
徳（德）	トク	徳義，徳用，道徳	
篤	トク	篤農，危篤，懇篤	
毒	ドク	毒薬，毒舌，中毒	
独（獨）	ドク	独立，独断，単独	
独（獨）	ひとり	独り，独り者	
読（讀）	ドク	読書，音読，購読	読経（どきょう）
読（讀）	トク	読本	
読（讀）	トウ	読点，句読点	
読（讀）	よむ	読む，読み	⇔詠む
栃	とち		栃木県
凸	トツ	凸版，凸レンズ，凹凸	凸凹（でこぼこ）
突（突）	トツ	突然，突端，衝突	
突（突）	つく	突く，一突き	
届（屆）	とどける	届ける，届け	
届（屆）	とどく	届く，行き届く	
屯	トン	駐屯，駐屯地	
豚	トン	養豚	
豚	ぶた	豚，子豚	
頓	トン	頓着，整頓	
貪	ドン	貪欲	
貪	むさぼる	貪る	
鈍	ドン	鈍感，鈍角，愚鈍	
鈍	にぶい	鈍い，鈍さ	
鈍	にぶる	鈍る	
曇	ドン	曇天	
曇	くもる	曇る，曇り	
丼	どんぶり	丼，丼飯	
丼	どん	牛丼，天丼	
那	ナ	刹那，旦那	
奈	ナ	奈落	
内	ナイ	内外，内容，家内	
内	ダイ	内裏，参内	
内	うち	内，内側，内気	
梨	なし	梨	
謎［謎］	なぞ	謎	［謎］＝許容字体，
謎［謎］			＊［（付）第２の１参照］
鍋	なべ	鍋，鍋料理	
南	ナン	南北，南端，指南	
南	ナ	南無	
南	みなみ	南，南向き	
軟	ナン	軟化，軟弱，硬軟	
軟	やわらか	軟らかだ	⇔柔らか
軟	やわらかい	軟らかい	⇔柔らかい
難（難）	ナン	難易，困難，非難	「むつかしい」とも。
難（難）	かたい	許し難い，有り難い	
難（難）	むずかしい	難しい，難しさ	
二	ニ	二番目，二分，十二月	十重二十重（とえはたえ）
二	ふた	二重まぶた	二十・二十歳（はたち）
二	ふたつ	二つ	二十日（はつか）
二			二人（ふたり）
二			二日（ふつか）
二			⇔双
尼	ニ	尼僧，修道尼	
尼	あま	尼，尼寺	
弐（貳）	ニ	弐万円	
匂	におう	匂う，匂い	⇔臭う
肉	ニク	肉類，肉薄，筋肉	
虹	にじ	虹	
日	ニチ	日時，日光，毎日	明日（あす）
日	ジツ	連日，平日，休日	昨日（きのう）
日	ひ	日，日帰り，月曜日	今日（きょう）
日	か	三日，十日	一日（ついたち）
日			二十日（はつか）
日			日和（ひより）
日			二日（ふつか）
入	ニュウ	入学，侵入，収入	⇔要る
入	いる	寝入る，大入り，気に入る	
入	いれる	入れる，入れ物	
入	はいる	入る	
乳	ニュウ	乳児，乳液，牛乳	乳母（うば）
乳	ちち	乳	
乳	ち	乳首，乳飲み子	
尿	ニョウ	尿意，尿素，夜尿症	
任	ニン	任意，任務，責任	
任	まかせる	任せる，人任せ	
任	まかす	任す	
妊	ニン	妊娠，懐妊，不妊	
忍	ニン	忍者，忍耐，残忍	
忍	しのぶ	忍ぶ，忍び足，忍びやかだ	
忍	しのばせる	忍ばせる	
認	ニン	認識，承認，否認	
認	みとめる	認める	
寧	ネイ	安寧，丁寧	
熱	ネツ	熱病，熱湯，情熱	⇔暑い
熱	あつい	熱い，熱さ	
年	ネン	年代，少年，豊年	今年（ことし）
年	とし	年，年子，年寄り	
念	ネン	念願，信念，断念	
捻	ネン	捻挫，捻出	
粘	ネン	粘土，粘液，粘着	
粘	ねばる	粘る，粘り，粘り強い	
燃	ネン	燃焼，燃料，可燃性	
燃	もえる	燃える，燃え尽きる	
燃	もやす	燃やす	
燃	もす	燃す	
悩（惱）	ノウ	悩殺，苦悩，煩悩	
悩（惱）	なやむ	悩む，悩み，悩ましい	
悩（惱）	なやます	悩ます	
納	ノウ	納入，納涼，収納	
納	ナッ	納得，納豆	
納	ナ	納屋	
納	ナン	納戸	
納	トウ	出納	
納	おさめる	納める，御用納め	⇔収める
納	おさまる	納まる，納まり	⇔収まる
能	ノウ	能力，芸能，効能	
脳（腦）	ノウ	脳髄，首脳，頭脳	
農	ノウ	農業，農具，酪農	
濃	ノウ	濃厚，濃紺，濃淡	
濃	こい	濃い，濃さ	
把	ハ	把握，把持，一把（ワ），三把（バ），十把（パ）	「把（ハ）」は，前に来る音によって「ワ」，「バ」，「パ」になる。
把			
波	ハ	波浪，波及，電波	波止場（はとば）
波	なみ	波，波立つ，荒波	
派	ハ	派遣，派生，流派	
破	ハ	破壊，破産，撃破，破棄	⇔敗れる
破	やぶる	破る，型破り	
破	やぶれる	破れる，破れ	
覇（霸）	ハ	覇権，覇者，制覇	
馬	バ	馬車，競馬，乗馬	伝馬船（てんません）
馬	うま	馬，馬小屋	
馬	ま	馬子，絵馬	
婆	バ	老婆，産婆役	
罵	バ	罵声，罵倒	
罵	ののしる	罵る	
拝（拜）	ハイ	拝見，拝礼，崇拝	
拝（拜）	おがむ	拝む，拝み倒す	
杯	ハイ	祝杯，銀杯，一杯	
杯	さかずき	杯	
背	ハイ	背後，背景，腹背	
背	せ	背，背丈，背中	
背	せい	背，上背	
背	そむく	背く	
背	そむける	背ける	
肺	ハイ	肺臓，肺炎，肺活量	
俳	ハイ	俳優，俳句，俳味	
配	ハイ	配分，交配，心配	
配	くばる	配る	
排	ハイ	排斥，排気，排除	
敗	ハイ	敗北，腐敗，失敗	⇔破れる
敗	やぶれる	敗れる	
廃（廢）	ハイ	廃止，廃物，荒廃	
廃（廢）	すたれる	廃れる	
廃（廢）	すたる	廃る，はやり廃り	
輩	ハイ	輩出，同輩，先輩	
売（賣）	バイ	売買，売品，商売	
売（賣）	うる	売る，売り出す	
売（賣）	うれる	売れる，売れ行き	
倍	バイ	倍率，倍加，二倍	
梅（梅）	バイ	梅園，梅雨，紅梅	梅雨（つゆ）
梅（梅）	うめ	梅，梅見，梅酒	
培	バイ	培養，栽培	
培	つちかう	培う	
陪	バイ	陪席，陪食，陪審	
媒	バイ	媒介，媒体，触媒	
買	バイ	買収，売買，購買	
買	かう	買う，買い物	
賠	バイ	賠償	
白	ハク	白髪，紅白，明白	白髪（しらが）
白	ビャク	黒白	
白	しろ	白，白黒，真っ白	
白	しら	白壁，白む，白ける	
白	しろい	白い	
伯	ハク	伯仲，画伯	伯父（おじ）
伯			伯母（おば）
拍	ハク	拍手，拍車，一拍	
拍	ヒョウ	拍子	
泊	ハク	宿泊，停泊，外泊	
泊	とまる	泊まる，泊まり	⇔止まる，留まる
泊	とめる	泊める	⇔止める，留める
迫	ハク	迫害，脅迫，切迫	
迫	せまる	迫る	
剝	ハク	剝製，剝奪	＊［（付）第２の３参照］
剝	はがす	剝がす	
剝	はぐ	剝ぐ	
剝	はがれる	剝がれる	
剝	はげる	剝げる	
舶	ハク	舶来，船舶	
博	ハク	博識，博覧，博士号	博士（はかせ）
博	バク	博労，博徒	
薄	ハク	薄情，薄謝，軽薄	
薄	うすい	薄い，薄着，品薄	
薄	うすめる	薄める	
薄	うすまる	薄まる	
薄	うすらぐ	薄らぐ	
薄	うすれる	薄れる	
麦（麥）	バク	麦芽，麦秋，精麦	
麦（麥）	むぎ	麦，麦粉，小麦	
漠	バク	漠然，広漠，砂漠	
縛	バク	束縛，捕縛	
縛	しばる	縛る，金縛り	
爆	バク	爆発，爆弾，原爆	
箱	はこ	箱，箱庭，小箱	
箸	はし	箸	＊［（付）第２の３【賭】参照］
畑	はた	畑，畑作	
畑	はたけ	畑，畑違い，麦畑	
肌	はだ	肌，肌色，地肌	
八	ハチ	八月，八方	
八	や	八重桜	八百屋（やおや）
八	やつ	八つ当たり	八百長（やおちょう）
八	やっつ	八つ	
八	よう	八日	
鉢	ハチ	鉢，植木鉢	
鉢	ハツ	衣鉢	
発（發）	ハツ	発明，発射，突発	
発（發）	ホツ	発作，発端，発起	
髪（髮）	ハツ	頭髪，白髪，整髪	白髪（しらが）
髪（髮）	かみ	髪，髪結い，日本髪	
伐	バツ	伐採，征伐，殺伐	
抜（拔）	バツ	抜群，選抜	
抜（拔）	ぬく	抜く，くぎ抜き	
抜（拔）	ぬける	抜ける，気抜け	
抜（拔）	ぬかす	抜かす	
抜（拔）	ぬかる	抜かる，抜かり	
罰	バツ	罰金，処罰，天罰	
罰	バチ	罰当たり	
閥	バツ	門閥，財閥，派閥	
反	ハン	反映，反対，違反	
反	ホン	謀反	
反	タン	反物	
反	そる	反る，反り	
反	そらす	反らす	
半	ハン	半分，半面，大半	
半	なかば	半ば	
氾	ハン	氾濫	
犯	ハン	犯罪，共犯，侵犯	⇔侵す，冒す
犯	おかす	犯す	
帆	ハン	帆船，帆走，出帆	
帆	ほ	帆，帆柱，帆前船	
汎	ハン	汎用	
伴	ハン	同伴，随伴	
伴	バン	伴奏，伴食	
伴	ともなう	伴う	
判	ハン	判定，判明，裁判	
判	バン	Ａ判，大判	
坂	ハン	急坂	
坂	さか	坂，坂道，下り坂	
阪	ハン	阪神，京阪	大阪（おおさか）府
板	ハン	乾板，鉄板	
板	バン	黒板，掲示板	
板	いた	板，板前	
版	ハン	版画，写真版，出版	
班	ハン	班長，救護班	
畔	ハン	湖畔	
般	ハン	諸般，一般，先般	
販	ハン	販売，販路，市販	
斑	ハン	斑点	
飯	ハン	御飯，炊飯，赤飯	
飯	めし	飯，飯粒，五目飯	
搬	ハン	搬入，搬出，運搬	
煩	ハン	煩雑	⇔患う
煩	ボン	煩悩	
煩	わずらう	煩う，煩い，煩わしい	
煩	わずらわす	煩わす	
頒	ハン	頒布，頒価	
範	ハン	範囲，師範，模範	
繁（繁）	ハン	繁栄，繁茂，繁華街	
藩	ハン	藩主，廃藩	
晩（晚）	バン	晩夏，今晩，早晩	
番	バン	番人，番組，順番	
蛮（蠻）	バン	蛮行，蛮人，野蛮	
盤	バン	基盤，円盤，碁盤	
比	ヒ	比較，比例，無比	
比	くらべる	比べる，背比べ	
皮	ヒ	皮膚，皮相，樹皮	⇔革
皮	かわ	皮，毛皮	
妃	ヒ	妃殿下，王妃	
否	ヒ	否定，適否，安否	
否	いな	否，否めない	
批	ヒ	批判，批評，批准	
彼	ヒ	彼我，彼岸	
彼	かれ	彼，彼ら	
彼	かの	彼女	
披	ヒ	披見，披露，直披	
肥	ヒ	肥大，肥料，施肥	
肥	こえる	肥える	
肥	こえ	肥，下肥	
肥	こやす	肥やす	
肥	こやし	肥やし	
非	ヒ	非難，非常，是非	
卑（卑）	ヒ	卑近，卑屈，卑下	
卑（卑）	いやしい	卑しい，卑しさ	
卑（卑）	いやしむ	卑しむ	
卑（卑）	いやしめる	卑しめる	
飛	ヒ	飛行，飛躍，雄飛	⇔跳ぶ
飛	とぶ	飛ぶ，飛び火	
飛	とばす	飛ばす	
疲	ヒ	疲労，疲弊	
疲	つかれる	疲れる，疲れ	
秘（祕）	ヒ	秘密，秘書，神秘	
秘（祕）	ひめる	秘める	
被	ヒ	被服，被害，被告	
被	こうむる	被る	
悲	ヒ	悲喜，悲劇，慈悲	
悲	かなしい	悲しい，悲しがる	
悲	かなしむ	悲しむ，悲しみ	
扉	ヒ	開扉，門扉	
扉	とびら	扉	
費	ヒ	費用，消費，旅費	
費	ついやす	費やす	
費	ついえる	費える，費え	
碑（碑）	ヒ	碑銘，石碑，記念碑	
罷	ヒ	罷業，罷免	
避	ヒ	避難，逃避，不可避	
避	さける	避ける	
尾	ビ	尾行，首尾，末尾	尻尾（しっぽ）
尾	お	尾，尾頭付き，尾根	
眉	ビ	眉目，焦眉	
眉	ミ	眉間	
眉	まゆ	眉毛	
美	ビ	美醜，美術，賛美	
美	うつくしい	美しい，美しさ	
備	ビ	備考，守備，準備	⇔供える
備	そなえる	備える，備え	
備	そなわる	備わる	
微	ビ	微細，微笑，衰微	
鼻	ビ	鼻音，鼻孔，耳鼻科	
鼻	はな	鼻，鼻血，小鼻	
膝	ひざ	膝，膝頭	
肘	ひじ	肘，肘掛け	
匹	ヒツ	匹敵，匹夫，馬匹	
匹	ひき	数匹	
必	ヒツ	必然，必死，必要	
必	かならず	必ず，必ずしも	
泌	ヒツ	分泌	「分泌」は，「ブンピ」とも。
泌	ヒ	泌尿器	
筆	ヒツ	筆力，筆記，毛筆	
筆	ふで	筆，筆先	
姫	ひめ	姫，姫松	
百	ヒャク	百貨店，百科全書，数百	八百屋（やおや）
百			八百長（やおちょう）
氷	ヒョウ	氷点，氷山，結氷	
氷	こおり	氷	
氷	ひ	氷雨	
表	ヒョウ	表面，代表，発表	
表	おもて	表，表門，裏表	⇔面
表	あらわす	表す	⇔現す，著す
表	あらわれる	表れる	⇔現れる
俵	ヒョウ	一俵，土俵	
俵	たわら	俵，米俵	
票	ヒョウ	票決，投票，伝票	
評	ヒョウ	評価，評判，定評	
漂	ヒョウ	漂着，漂白，漂流	
漂	ただよう	漂う	
標	ヒョウ	標準，標本，目標	
苗	ビョウ	種苗，痘苗	早苗（さなえ）
苗	なえ	苗，苗木	
苗	なわ	苗代	
秒	ビョウ	秒針，秒速，寸秒	
病	ビョウ	病気，病根，看病	
病	ヘイ	疾病	
病	やむ	病む，病み付き	
病	やまい	病	
描	ビョウ	描写，素描，点描	⇔書く
描	えがく	描く，描き出す	
描	かく	描く，絵描き	
猫	ビョウ	愛猫	
猫	ねこ	猫	
品	ヒン	品評，作品，上品	
品	しな	品，品物，手品	
浜（濱）	ヒン	海浜	
浜（濱）	はま	浜，浜辺，砂浜	
貧	ヒン	貧富，貧弱，清貧	
貧	ビン	貧乏	
貧	まずしい	貧しい，貧しさ	
賓（賓）	ヒン	賓客，主賓，来賓	
頻（頻）	ヒン	頻度，頻発，頻繁	
敏（敏）	ビン	敏速，機敏，鋭敏	
瓶（甁）	ビン	瓶，瓶詰，花瓶	
不	フ	不当，不利，不賛成	
不	ブ	不作法，不用心	
夫	フ	夫妻，農夫，凡夫	
夫	フウ	夫婦，工夫	
夫	おっと	夫	
父	フ	父母，父兄，祖父	叔父・伯父（おじ）
父	ちち	父，父親	父（とう）さん
付	フ	付与，交付，給付	
付	つける	付ける，名付け	⇔着ける，就ける
付	つく	付く，気付く	⇔着く，就く
布	フ	布陣，綿布，分布	
布	ぬの	布，布地，布目	
扶	フ	扶助，扶養，扶育	
府	フ	府県，首府，政府	
怖	フ	恐怖	
怖	こわい	怖い，怖がる	
阜	フ		岐阜県
附	フ	附属，寄附	
訃	フ	訃報	
負	フ	負担，負傷，勝負	
負	まける	負ける，負け	
負	まかす	負かす	
負	おう	負う，負い目，背負う	
赴	フ	赴任	
赴	おもむく	赴く	
浮	フ	浮沈，浮力，浮薄	浮気（うわき）
浮	うく	浮く，浮き，浮世絵	浮（うわ）つく
浮	うかれる	浮かれる	
浮	うかぶ	浮かぶ	
浮	うかべる	浮かべる	
婦	フ	婦人，夫婦，主婦	
符	フ	符号，切符，音符	
富	フ	富強，富裕，貧富	富山（とやま）県
富	フウ	富貴	「富貴」は，「フッキ」とも。
富	とむ	富む，富み栄える	
富	とみ	富	
普	フ	普通，普遍，普請	
腐	フ	腐心，腐敗，陳腐	
腐	くさる	腐る	
腐	くされる	腐れ縁，ふて腐れる	
腐	くさらす	腐らす	
敷	フ	敷設	桟敷（さじき）
敷	しく	敷く，敷石，屋敷	
膚	フ	皮膚，完膚	
賦	フ	賦役，月賦，天賦	
譜	フ	系譜，楽譜，年譜	
侮（侮）	ブ	侮辱，軽侮	
侮（侮）	あなどる	侮る，侮り	
武	ブ	武力，武士，文武	
武	ム	武者人形，荒武者	
部	ブ	部分，全部，本部	部屋（へや）
舞	ブ	舞踏，舞台，鼓舞	
舞	まう	舞う，舞い上がる	
舞	まい	舞，舞扇	
封	フウ	封鎖，封書，密封	
封	ホウ	封建的，素封家	
風	フウ	風力，風俗，強風	風邪（かぜ）
風	フ	風情，中風	
風	かぜ	風，そよ風	
風	かざ	風上，風車	
伏	フク	伏線，起伏，潜伏	
伏	ふせる	伏せる，うつ伏せ	
伏	ふす	伏す，伏し拝む	
服	フク	服装，服従，洋服	
副	フク	副業，副作用，正副	
幅	フク	幅員，振幅，全幅	
幅	はば	幅，横幅	
復	フク	復活，往復，報復	
福（福）	フク	福祉，福徳，幸福	
腹	フク	腹案，空腹，山腹	
腹	はら	腹，腹芸，太っ腹	
複	フク	複数，複雑，重複	
覆	フク	覆面，転覆	
覆	おおう	覆う，覆い	
覆	くつがえす	覆す	
覆	くつがえる	覆る	
払（拂）	フツ	払暁，払底	
払（拂）	はらう	払う，払い，月払い	
沸	フツ	沸騰，沸点，煮沸	⇔湧く
沸	わく	沸く，沸き上がる	
沸	わかす	沸かす，湯沸かし	
仏（佛）	ブツ	仏事，仏像，念仏	
仏（佛）	ほとけ	仏，仏様，生き仏	
物	ブツ	物質，人物，動物	果物（くだもの）
物	モツ	食物，進物，禁物	
物	もの	物，物語，品物	
粉	フン	粉末，粉砕，粉飾	
粉	こ	粉，小麦粉	
粉	こな	粉，粉雪	
紛	フン	紛失，紛争，内紛	
紛	まぎれる	紛れる，紛れ	
紛	まぎらす	紛らす	
紛	まぎらわす	紛らわす	
紛	まぎらわしい	紛らわしい	
雰	フン	雰囲気	
噴	フン	噴火，噴出，噴水	⇔吹く
噴	ふく	噴く，噴き出す	
墳	フン	墳墓，古墳	
憤	フン	憤慨，義憤，発憤	
憤	いきどおる	憤る，憤り	
奮	フン	奮起，奮発，興奮	⇔震う，振るう
奮	ふるう	奮う，奮い立つ，奮って〔副〕	
分	ブン	分解，自分，水分	大分（おおいた）県
分	フン	分別，分銅，三十分	
分	ブ	一分一厘，五分	
分	わける	分ける，引き分け	
分	わかれる	分かれる	⇔別れる
分	わかる	分かる	
分	わかつ	分かつ，分かち合う	
文	ブン	文学，文化，作文	「文字」は，「モジ」とも。
文	モン	文字，経文，天文学	
文	ふみ	恋文	
聞	ブン	新聞，風聞，見聞	⇔聴く
聞	モン	聴聞，前代未聞	
聞	きく	聞く，人聞き	
聞	きこえる	聞こえる，聞こえ	
丙	ヘイ	丙種，甲乙丙	
平	ヘイ	平面，平和，公平	
平	ビョウ	平等	
平	たいら	平らな土地，平らげる	
平	ひら	平手，平謝り，平たい	
兵	ヘイ	兵器，兵隊，撤兵	
兵	ヒョウ	兵糧，雑兵	
併（倂）	ヘイ	併合，併用，合併	⇔合わせる
併（倂）	あわせる	併せる，併せて〔接〕	
並（竝）	ヘイ	並行，並列，並立	
並（竝）	なみ	並の品，並木，足並み	
並（竝）	ならべる	並べる，五目並べ	
並（竝）	ならぶ	並ぶ，並び	
並（竝）	ならびに	並びに	
柄	ヘイ	横柄，権柄ずく	
柄	がら	柄，家柄，身柄	
柄	え	柄	
陛	ヘイ	陛下	
閉	ヘイ	閉店，閉口，密閉	
閉	とじる	閉じる，閉じ込める	
閉	とざす	閉ざす	
閉	しめる	閉める	⇔締める
閉	しまる	閉まる	⇔締まる
塀（塀）	ヘイ	塀，板塀	
幣	ヘイ	貨幣，紙幣，御幣担ぎ	
弊	ヘイ	弊害，旧弊，疲弊	
蔽	ヘイ	隠蔽	＊［（付）第２の３参照］
餅	ヘイ	煎餅	［餅］＝許容字体，
［餅］（餠）	もち	餅屋，尻餅	＊［（付）第２の３【餌】参照］
米	ベイ	米作，米価，米食	
米	マイ	精米，新米，白米	
米	こめ	米，米粒	
壁	ヘキ	壁面，壁画，岸壁	
壁	かべ	壁，壁土，白壁	
璧	ヘキ	完璧，双璧	
癖	ヘキ	習癖，病癖，潔癖	
癖	くせ	癖，口癖	
別	ベツ	別離，区別，特別	⇔分かれる
別	わかれる	別れる，別れ	
蔑	ベツ	蔑視，軽蔑	
蔑	さげすむ	蔑む	
片	ヘン	紙片，破片，断片	
片	かた	片方，片手，片一方	
辺（邊）	ヘン	辺境，周辺，その辺	
辺（邊）	あたり	辺り	
辺（邊）	べ	海辺，岸辺	
返	ヘン	返却，返事，返礼	
返	かえす	返す，仕返し	⇔帰す
返	かえる	返る，寝返り	⇔帰る
変（變）	ヘン	変化，異変，大変	
変（變）	かわる	変わる，変わり種	⇔替わる，代わる，換わる
変（變）	かえる	変える	⇔替える，代える，換える
偏	ヘン	偏向，偏見，偏食	
偏	かたよる	偏る，偏り	
遍	ヘン	遍歴，普遍，一遍	
編	ヘン	編集，編成，長編	
編	あむ	編む，手編み	
弁（辨）（瓣）（辯）	ベン	弁償，花弁，雄弁	
便	ベン	便利，便法，簡便	
便	ビン	便乗，郵便，定期便	
便	たより	便り，初便り，花便り	
勉（勉）	ベン	勉強，勉学，勤勉	
歩（步）	ホ	歩道，徒歩，進歩	
歩（步）	ブ	歩合，日歩	
歩（步）	フ	歩	
歩（步）	あるく	歩く	
歩（步）	あゆむ	歩む，歩み	
保	ホ	保護，保存，担保	
保	たもつ	保つ	
哺	ホ	哺乳類	
捕	ホ	捕獲，捕虜，逮捕	
捕	とらえる	捕らえる	⇔捉える
捕	とらわれる	捕らわれる	
捕	とる	捕る，捕り物	⇔取る，採る
捕	つかまえる	捕まえる	
捕	つかまる	捕まる	
補	ホ	補欠，補充，候補	
補	おぎなう	補う，補い	
舗	ホ	舗装，店舗	老舗（しにせ）
母	ボ	母性，父母，祖母	乳母（うば）
母	はは	母，母親	叔母・伯母（おば）
母			母屋・母家（おもや）
母			母（かあ）さん
募	ボ	募金，募集，応募	
募	つのる	募る	
墓	ボ	墓地，墓参，墓穴	
墓	はか	墓，墓参り	
慕	ボ	慕情，敬慕，思慕	
慕	したう	慕う，慕わしい	
暮	ボ	暮春，歳暮，薄暮	
暮	くれる	暮れる，暮れ	
暮	くらす	暮らす，暮らし	
簿	ボ	簿記，名簿，帳簿	
方	ホウ	方法，方角，地方	行方（ゆくえ）
方	かた	お乗りの方，話し方，敵方	
包	ホウ	包囲，包容力，内包	
包	つつむ	包む，包み，小包	
芳	ホウ	芳香，芳紀，芳志	
芳	かんばしい	芳しい，芳しさ	
邦	ホウ	邦楽，本邦，連邦	
奉	ホウ	奉納，奉仕，信奉	
奉	ブ	奉行	
奉	たてまつる	奉る	
宝（寶）	ホウ	宝石，国宝，財宝	
宝（寶）	たから	宝，宝船，子宝	
抱	ホウ	抱負，抱懐，介抱	
抱	だく	抱く	
抱	いだく	抱く	
抱	かかえる	抱える，一抱え	
放	ホウ	放送，放棄，追放	
放	はなす	放す，手放す	⇔離す
放	はなつ	放つ	
放	はなれる	放れる	⇔離れる
放	ほうる	放る	
法	ホウ	法律，文法，方法	「法主」は，「ホウシュ」とも。
法	ハッ	法度	
法	ホッ	法主	
泡	ホウ	気泡，水泡，発泡	
泡	あわ	泡，泡立つ	
胞	ホウ	胞子，同胞，細胞	
俸	ホウ	俸給，年俸，本俸	
倣	ホウ	模倣	
倣	ならう	倣う	⇔習う
峰	ホウ	秀峰，霊峰，連峰	
峰	みね	峰，剣が峰	
砲	ホウ	砲撃，大砲，鉄砲	
崩	ホウ	崩壊	雪崩（なだれ）
崩	くずれる	崩れる，山崩れ	
崩	くずす	崩す	
訪	ホウ	訪問，来訪，探訪	⇔尋ねる
訪	おとずれる	訪れる，訪れ	
訪	たずねる	訪ねる	
報	ホウ	報酬，報告，情報	
報	むくいる	報いる，報い	
蜂	ホウ	蜂起	
蜂	はち	蜜蜂	
豊（豐）	ホウ	豊作，豊満，豊富	
豊（豐）	ゆたか	豊かだ	
飽	ホウ	飽和，飽食	
飽	あきる	飽きる，飽き，見飽きる	
飽	あかす	……に飽かして	
褒（襃）	ホウ	褒章，褒美，過褒	
褒（襃）	ほめる	褒める	
縫	ホウ	縫合，縫製，裁縫	
縫	ぬう	縫う，縫い目	
亡	ボウ	亡父，亡命，存亡	
亡	モウ	亡者	
亡	ない	亡い，亡き人，亡くす，亡くなる	多く文語の「亡き」で使う。
亡			⇔無い
乏	ボウ	欠乏，貧乏，耐乏	
乏	とぼしい	乏しい，乏しさ	
忙	ボウ	忙殺，多忙，繁忙	
忙	いそがしい	忙しい，忙しさ	
坊	ボウ	坊主，朝寝坊，赤ん坊	
坊	ボッ	坊ちゃん	
妨	ボウ	妨害	
妨	さまたげる	妨げる，妨げ	
忘	ボウ	忘却，忘年会，備忘	
忘	わすれる	忘れる，物忘れ	
防	ボウ	防備，堤防，予防	
防	ふせぐ	防ぐ，防ぎ	
房	ボウ	独房，冷房，僧房	
房	ふさ	房，一房，乳房	
肪	ボウ	脂肪	
某	ボウ	某氏，某国，某所	
冒	ボウ	冒険，冒頭，感冒	⇔犯す，侵す
冒	おかす	冒す	
剖	ボウ	解剖	
紡	ボウ	紡績，混紡	
紡	つむぐ	紡ぐ	
望	ボウ	望郷，希望，人望	「大望」は，「タイボウ」とも。
望	モウ	所望，大望，本望	
望	のぞむ	望む，望み，望ましい	
傍	ボウ	傍線，傍聴，路傍	
傍	かたわら	傍ら	
帽	ボウ	帽子，脱帽，無帽	
棒	ボウ	棒グラフ，棒読み，鉄棒	
貿	ボウ	貿易	
貌	ボウ	変貌，美貌	
暴	ボウ	暴言，横暴，乱暴	
暴	バク	暴露	
暴	あばく	暴く，暴き出す	
暴	あばれる	暴れる，大暴れ	
膨	ボウ	膨大	
膨	ふくらむ	膨らむ，膨らみ	
膨	ふくれる	膨れる，青膨れ	
謀	ボウ	謀略，無謀，首謀者	⇔計る，量る，図る
謀	ム	謀反	
謀	はかる	謀る	
頰	ほお	頰，頰張る	＊［（付）第２の３参照］
頰			「頰」は，「ほほ」とも。
北	ホク	北進，北方，敗北	
北	きた	北，北風，北半球	
木	ボク	木石，大木，土木	木綿（もめん）
木	モク	木造，樹木，材木	
木	き	木，並木，拍子木	
木	こ	木立，木陰	
朴	ボク	純朴，素朴	
牧	ボク	牧場，牧師，遊牧	
牧	まき	牧場	
睦	ボク	親睦，和睦	
僕	ボク	僕，公僕	
墨（墨）	ボク	筆墨，白墨，遺墨	
墨（墨）	すみ	墨，墨絵，眉墨	
撲	ボク	撲殺，撲滅，打撲	相撲（すもう）
没	ボツ	没収，没交渉，出没	
勃	ボツ	勃興，勃発	
堀	ほり	堀，外堀，釣堀	
本	ホン	本質，本来，資本	⇔下，元，基
本	もと	本，旗本	
奔	ホン	奔走，奔放，出奔	
翻（飜）	ホン	翻意，翻訳，翻刻	
翻（飜）	ひるがえる	翻る	
翻（飜）	ひるがえす	翻す	
凡	ボン	凡人，凡百，平凡	
凡	ハン	凡例	
盆	ボン	盆栽，盆地，旧盆	
麻	マ	麻薬，麻酔，亜麻	
麻	あさ	麻	
摩	マ	摩擦，摩天楼	
磨	マ	研磨	
磨	みがく	磨く，磨き粉	
魔	マ	魔法，悪魔，邪魔	
毎（每）	マイ	毎度，毎日，毎々	
妹	マイ	姉妹，義妹，令妹	
妹	いもうと	妹	
枚	マイ	枚数，枚挙，大枚	
昧	マイ	曖昧，三昧	
埋	マイ	埋没，埋蔵，埋葬	
埋	うめる	埋める，埋め立て，穴埋め	
埋	うまる	埋まる	
埋	うもれる	埋もれる，埋もれ木	
幕	マク	幕切れ，天幕，暗幕	
幕	バク	幕府，幕末，幕僚	
膜	マク	膜質，鼓膜，粘膜	
枕	まくら	枕，枕元	
又	また	又，又は	
末	マツ	末代，本末，粉末	
末	バツ	末子，末弟	「末子」，「末弟」は，「マッシ」，
末	すえ	末，末っ子，末頼もしい	「マッテイ」とも。
抹	マツ	抹殺，抹消，一抹	
万（萬）	マン	万一，万年筆，巨万	
万（萬）	バン	万国，万端，万全	
満（滿）	マン	満月，満足，充満	
満（滿）	みちる	満ちる，満ち潮	
満（滿）	みたす	満たす	
慢	マン	慢性，怠慢，自慢	
漫	マン	漫画，漫歩，散漫	
未	ミ	未来，未満，前代未聞	
味	ミ	味覚，意味，興味	三味線（しゃみせん）
味	あじ	味，味見，塩味	
味	あじわう	味わう，味わい	
魅	ミ	魅力，魅惑，魅する	
岬	みさき	岬	
密	ミツ	密約，厳密，秘密	
蜜	ミツ	蜜，蜜月	
脈	ミャク	脈絡，動脈，山脈	
妙	ミョウ	妙案，奇妙，巧妙	
民	ミン	民族，民主的，国民	
民	たみ	民	
眠	ミン	不眠，安眠，睡眠	
眠	ねむる	眠る，眠り	
眠	ねむい	眠い，眠たい，眠気	
矛	ム	矛盾	
矛	ほこ	矛，矛先	
務	ム	事務，職務，義務	
務	つとめる	務める，務め	⇔勤める，努める
務	つとまる	務まる	⇔勤まる
無	ム	無名，無理，皆無	⇔亡い
無	ブ	無事，無礼，無愛想	
無	ない	無い，無くす，無くなる	
夢	ム	夢幻，夢中，悪夢	
夢	ゆめ	夢，夢見る，初夢	
霧	ム	霧笛，濃霧，噴霧器	
霧	きり	霧，霧雨，朝霧	
娘	むすめ	娘，娘心，小娘	
名	メイ	名誉，氏名，有名	
名	ミョウ	名字，本名，大名	
名	な	名，名前	仮名（かな）
名			名残（なごり）
命	メイ	命令，運命，生命	
命	ミョウ	寿命	
命	いのち	命，命拾い	
明	メイ	明暗，説明，鮮明	
明	ミョウ	明日，光明，灯明	明日（あす）
明	あかり	明かり，薄明かり	
明	あかるい	明るい，明るさ	
明	あかるむ	明るむ	
明	あからむ	明らむ	
明	あきらか	明らかだ	
明	あける	明ける，夜明け	⇔開ける，空ける
明	あく	明く	⇔開く，空く
明	あくる	明くる日，明くる朝	
明	あかす	明かす，種明かし	
迷	メイ	迷路，迷惑，低迷	迷子（まいご）
迷	まよう	迷う，迷い	
冥	メイ	冥福	
冥	ミョウ	冥加，冥利	
盟	メイ	加盟，同盟，連盟	
銘	メイ	銘柄，碑銘	
鳴	メイ	鳴動，悲鳴，雷鳴	
鳴	なく	鳴く，鳴き声	
鳴	なる	鳴る，耳鳴り	
鳴	ならす	鳴らす	
滅	メツ	滅亡，消滅，絶滅	
滅	ほろびる	滅びる	
滅	ほろぼす	滅ぼす	
免（免）	メン	免許，免除，放免	「まぬがれる」とも。
免（免）	まぬかれる	免れる	
面	メン	面会，顔面，方面	真面目（まじめ）
面	おも	川の面，面影，面長	⇔表
面	おもて	面，細面	
面	つら	面，面魂，鼻面	
綿	メン	綿布，綿密，純綿	木綿（もめん）
綿	わた	綿，真綿	
麺（麵）	メン	麺類	
茂	モ	繁茂	
茂	しげる	茂る，茂み	
模	モ	模範，模型，模倣	
模	ボ	規模	
毛	モウ	毛髪，毛細管，不毛	
毛	け	毛，毛糸，抜け毛	
妄	モウ	妄信，妄想，迷妄	「妄言」は，「モウゲン」とも。
妄	ボウ	妄言	
盲	モウ	盲点，盲従，文盲	
耗	モウ	消耗	「モウ」は，慣用音。
耗	コウ	心神耗弱	
猛	モウ	猛烈，猛獣，勇猛	猛者（もさ）
網	モウ	網膜，漁網，通信網	投網（とあみ）
網	あみ	網，網戸	
目	モク	目的，目前，項目	
目	ボク	面目	「面目」は，「メンモク」とも。
目	め	目，目立つ，結び目	真面目（まじめ）
目	ま	目の当たり，目深	
黙（默）	モク	黙殺，暗黙，沈黙	
黙（默）	だまる	黙る，黙り込む	
門	モン	門戸，門下生，専門	
門	かど	門，門口，門松	
紋	モン	紋章，指紋，波紋	
問	モン	問題，問答，訪問	「問屋」は，「といや」とも。
問	とう	問う，問いただす	
問	とい	問い	
問	とん	問屋	
冶	ヤ	冶金，陶冶	鍛冶（かじ）
夜	ヤ	夜半，深夜，昼夜	
夜	よ	夜が明ける，夜風，月夜	
夜	よる	夜，夜昼	
野	ヤ	野外，野性，分野	野良（のら）
野	の	野，野原，野放し	
弥（彌）	や		弥生（やよい）
厄	ヤク	厄，厄年，災厄	
役	ヤク	役所，役目，荷役	
役	エキ	役務，使役，兵役	
約	ヤク	約束，約半分，節約	
訳（譯）	ヤク	訳文，翻訳，通訳	
訳（譯）	わけ	訳，内訳，申し訳	
薬（藥）	ヤク	薬剤，薬局，火薬	
薬（藥）	くすり	薬，飲み薬	
躍	ヤク	躍動，躍起，飛躍	⇔踊る
躍	おどる	躍る，躍り上がる	
闇	やみ	闇夜，暗闇	
由	ユ	由来，経由	
由	ユウ	自由，理由，事由	
由	ユイ	由緒	
由	よし	……の由	
油	ユ	油脂，油田，石油	⇔脂
油	あぶら	油，油絵，水油	
喩	ユ	比喩	＊［（付）第２の３参照］
愉	ユ	愉快，愉悦	
諭	ユ	諭旨，教諭，説諭	
諭	さとす	諭す，諭し	
輸	ユ	輸出，輸送，運輸	
癒	ユ	癒着，治癒，平癒	
癒	いえる	癒える	
癒	いやす	癒やす	
唯	ユイ	唯一，唯物論，唯美主義	
唯	イ	唯々諾々	
友	ユウ	友好，友情，親友	友達（ともだち）
友	とも	友	
有	ユウ	有益，所有，特有	⇔在る
有	ウ	有無，有象無象	
有	ある	有る，有り金	
勇	ユウ	勇敢，勇気，武勇	
勇	いさむ	勇む，勇み足，勇ましい	
幽	ユウ	幽境，幽玄，幽霊	
悠	ユウ	悠然，悠長，悠々	
郵	ユウ	郵便，郵送，郵券	
湧	ユウ	湧水，湧出	⇔沸く
湧	わく	湧く	
猶	ユウ	猶予	
裕	ユウ	裕福，富裕，余裕	
遊	ユウ	遊戯，遊離，交遊	
遊	ユ	遊山	
遊	あそぶ	遊ぶ，遊び	
雄	ユウ	雄大，英雄，雌雄	
雄	お	雄しべ，雄牛，雄々しい	
雄	おす	雄，雄犬	
誘	ユウ	誘惑，誘発，勧誘	
誘	さそう	誘う，誘い水	
憂	ユウ	憂愁，憂慮，一喜一憂	
憂	うれえる	憂える，憂え	⇔愁える
憂	うれい	憂い	⇔愁い
憂	うい	憂い，憂き目，物憂い	「憂き」は，文語の連体形。
融	ユウ	融解，融和，金融	
優	ユウ	優越，優柔，俳優	
優	やさしい	優しい，優しさ	
優	すぐれる	優れる	
与（與）	ヨ	与党，授与，関与	
与（與）	あたえる	与える	
予（豫）	ヨ	予定，予備，猶予	
余（餘）	ヨ	余剰，余地，残余	
余（餘）	あまる	余る，余り	
余（餘）	あます	余す	
誉（譽）	ヨ	名誉，栄誉	
誉（譽）	ほまれ	誉れ	
預	ヨ	預金，預託	
預	あずける	預ける	
預	あずかる	預かる，預かり	
幼	ヨウ	幼児，幼虫，幼稚	
幼	おさない	幼い，幼友達	
用	ヨウ	用意，使用，費用	
用	もちいる	用いる	
羊	ヨウ	羊毛，綿羊，牧羊	
羊	ひつじ	羊	
妖	ヨウ	妖怪，妖艶	⇔怪しい
妖	あやしい	妖しい	
洋	ヨウ	洋楽，洋風，海洋	
要	ヨウ	要点，要注意，重要	⇔入る
要	かなめ	要	
要	いる	要る	
容	ヨウ	容易，容器，形容	
庸	ヨウ	凡庸，中庸	
揚	ヨウ	意気揚々，抑揚，掲揚	
揚	あげる	揚げる，荷揚げ	⇔上げる，挙げる
揚	あがる	揚がる	⇔上がる，挙がる
揺（搖）	ヨウ	動揺	
揺（搖）	ゆれる	揺れる，揺れ	
揺（搖）	ゆる	揺り返し，揺り籠	
揺（搖）	ゆらぐ	揺らぐ	
揺（搖）	ゆるぐ	揺るぐ，揺るぎない	
揺（搖）	ゆする	揺する，貧乏揺すり	
揺（搖）	ゆさぶる	揺さぶる	
揺（搖）	ゆすぶる	揺すぶる	
葉	ヨウ	葉緑素，落葉，紅葉	紅葉（もみじ）
葉	は	葉，枯れ葉，落ち葉	
陽	ヨウ	陽光，陰陽，太陽	
溶	ヨウ	溶解，溶液，水溶液	
溶	とける	溶ける	⇔解ける
溶	とかす	溶かす	⇔解かす
溶	とく	溶く	⇔解く
腰	ヨウ	腰痛，腰部	
腰	こし	腰，腰だめ，物腰	
様（樣）	ヨウ	様式，様子，模様	
様（樣）	さま	様，○○様	
瘍	ヨウ	潰瘍，腫瘍	
踊	ヨウ	舞踊	⇔躍る
踊	おどる	踊る	
踊	おどり	踊り	
窯	ヨウ	窯業	
窯	かま	窯	
養	ヨウ	養育，養子，休養	
養	やしなう	養う	
擁	ヨウ	擁護，擁立，抱擁	
謡（謠）	ヨウ	謡曲，民謡，歌謡	⇔歌う
謡（謠）	うたい	謡，素謡	
謡（謠）	うたう	謡う	
曜	ヨウ	曜日，七曜表，日曜	
抑	ヨク	抑圧，抑制，抑揚	⇔押さえる
抑	おさえる	抑える，抑え	
沃	ヨク	肥沃	
浴	ヨク	浴場，海水浴	浴衣（ゆかた）
浴	あびる	浴びる，水浴び	
浴	あびせる	浴びせる	
欲	ヨク	欲望，食欲，無欲	
欲	ほっする	欲する	
欲	ほしい	欲しい，欲しがる	
翌	ヨク	翌春，翌年，翌々日	
翼	ヨク	左翼，尾翼	
翼	つばさ	翼	
拉	ラ	拉致	
裸	ラ	裸身，裸体，赤裸々	
裸	はだか	裸，丸裸	
羅	ラ	羅列，羅針盤，網羅	
来（來）	ライ	来年，来歴，往来	
来（來）	くる	来る，出来心	
来（來）	きたる	来る○日	
来（來）	きたす	来す	
雷	ライ	雷雨，雷名，魚雷	
雷	かみなり	雷	
頼（賴）	ライ	依頼，信頼，無頼漢	
頼（賴）	たのむ	頼む，頼み	
頼（賴）	たのもしい	頼もしい	
頼（賴）	たよる	頼る，頼り	
絡	ラク	連絡，脈絡	
絡	からむ	絡む，絡み付く	
絡	からまる	絡まる	
絡	からめる	絡める	
落	ラク	落語，落涙，集落	
落	おちる	落ちる，落ち着く	
落	おとす	落とす，力落とし	
酪	ラク	酪農	
辣	ラツ	辣腕，辛辣	
乱（亂）	ラン	乱戦，混乱，反乱	
乱（亂）	みだれる	乱れる，乱れ	
乱（亂）	みだす	乱す	
卵	ラン	卵黄，鶏卵，産卵	
卵	たまご	卵	
覧（覽）	ラン	観覧，展覧，一覧	
濫	ラン	濫伐，濫費，濫用	
藍	ラン	出藍	
藍	あい	藍色，藍染め	
欄（欄）	ラン	欄干，欄外，空欄	
吏	リ	吏員，官吏，能吏	
利	リ	利益，鋭利，勝利	砂利（じゃり）
利	きく	利く，左利き，口利き	⇔効く
里	リ	里程，郷里，千里眼	
里	さと	里，里心，村里	
理	リ	理科，理由，整理	
痢	リ	疫痢，下痢，赤痢	
裏	リ	裏面，表裏	
裏	うら	裏，裏口	
履	リ	履歴，履行，弊履	草履（ぞうり）
履	はく	履く，履物	
璃	リ	浄瑠璃	
離	リ	離別，距離，分離	
離	はなれる	離れる，離れ，乳離れ	⇔放れる
離	はなす	離す	⇔放す
陸	リク	陸地，陸橋，着陸	
立	リツ	立案，起立，独立	
立	リュウ	建立	立ち退く（たちのく）
立	たつ	立つ，立場，夕立	⇔建つ
立	たてる	立てる，立て札	⇔建てる
律	リツ	律動，規律，法律	
律	リチ	律儀	
慄	リツ	慄然，戦慄	
略	リャク	略称，計略，侵略	
柳	リュウ	花柳界，川柳	
柳	やなぎ	柳，柳腰	
流	リュウ	流行，流動，電流	
流	ル	流布，流転，流罪	
流	ながれる	流れる，流れ	
流	ながす	流す，流し	
留	リュウ	留意，留学，保留	
留	ル	留守	
留	とめる	留める，帯留め	⇔止める，泊める
留	とまる	留まる，歩留まり	⇔止まる，泊まる
竜（龍）	リュウ	竜，竜頭蛇尾	
竜（龍）	たつ	竜巻	
粒	リュウ	粒子，粒々辛苦	
粒	つぶ	粒，豆粒	
隆（隆）	リュウ	隆起，隆盛，興隆	
硫	リュウ	硫安，硫酸，硫化銀	硫黄（いおう）
侶	リョ	僧侶，伴侶	
旅	リョ	旅行，旅情，旅券	
旅	たび	旅，旅先，船旅	
虜（虜）	リョ	虜囚，捕虜	
慮	リョ	遠慮，考慮，無慮	
了	リョウ	了解，完了，校了	
両（兩）	リョウ	両親，両立，千両	
良	リョウ	良好，良心，優良	野良（のら）
良			奈良（なら）県
良	よい	良い	⇔善い
料	リョウ	料金，料理，材料	
涼	リョウ	涼味，清涼剤，納涼	
涼	すずしい	涼しい，涼しさ	
涼	すずむ	涼む，夕涼み	
猟（獵）	リョウ	猟師，狩猟，渉猟	
陵	リョウ	陵墓，丘陵	
陵	みささぎ	陵	
量	リョウ	量産，測量，度量	⇔計る，測る，図る，謀る
量	はかる	量る	
僚	リョウ	僚友，官僚，同僚	
領	リョウ	領土，要領，大統領	
寮	リョウ	寮生，寮母，独身寮	
療	リョウ	療養，医療，治療	
瞭	リョウ	明瞭	
糧	リョウ	糧食，糧道	
糧	ロウ	兵糧	
糧	かて	糧	
力	リョク	権力，努力，能力	
力	リキ	力量，力作，馬力	
力	ちから	力，力仕事，底力	
緑（綠）	リョク	緑茶，緑陰，新緑	
緑（綠）	ロク	緑青	
緑（綠）	みどり	緑，薄緑	
林	リン	林業，林立，山林	
林	はやし	林，松林	
厘	リン	一分一厘	
倫	リン	倫理，人倫，絶倫	
輪	リン	輪番，一輪，車輪	
輪	わ	輪，輪切り，首輪	
隣	リン	隣室，隣接，近隣	
隣	となる	隣り合う	
隣	となり	隣，両隣	
臨	リン	臨時，臨床，君臨	
臨	のぞむ	臨む	
瑠	ル	浄瑠璃	
涙（淚）	ルイ	感涙，声涙，落涙	
涙（淚）	なみだ	涙，涙ぐむ，涙ぐましい	
累	ルイ	累計，累積，係累	
塁（壘）	ルイ	塁審，敵塁，土塁	
類（類）	ルイ	類型，種類，分類	
類（類）	たぐい	類い，○○の類い	
令	レイ	令嬢，法令，命令	
礼（禮）	レイ	礼儀，謝礼，無礼	「礼拝」は，「レイハイ」とも。
礼（禮）	ライ	礼賛，礼拝	
冷	レイ	冷却，冷淡，寒冷	
冷	つめたい	冷たい，冷たさ	
冷	ひえる	冷える，底冷え	
冷	ひや	冷や，冷や汗，冷ややかだ	
冷	ひやす	冷やす	
冷	ひやかす	冷やかす，冷やかし	
冷	さめる	冷める	
冷	さます	冷ます，湯冷まし	
励（勵）	レイ	励行，奨励，精励	
励（勵）	はげむ	励む，励み	
励（勵）	はげます	励ます，励まし	
戻（戾）	レイ	戻入，返戻	
戻（戾）	もどす	戻す，差し戻し	
戻（戾）	もどる	戻る，後戻り	
例	レイ	例外，例年，用例	
例	たとえる	例える，例え，例えば	
鈴	レイ	電鈴，振鈴，予鈴	
鈴	リン	風鈴，呼び鈴	
鈴	すず	鈴	
零	レイ	零下，零細，零落	
霊（靈）	レイ	霊感，霊魂，霊長類	
霊（靈）	リョウ	悪霊，死霊	
霊（靈）	たま	霊，霊屋	
隷	レイ	隷書，隷属，奴隷	
齢（齡）	レイ	樹齢，年齢，妙齢	
麗	レイ	麗人，端麗，美麗	
麗	うるわしい	麗しい，麗しさ	
暦（曆）	レキ	暦年，還暦，太陽暦	
暦（曆）	こよみ	暦，花暦	
歴（歷）	レキ	歴史，歴訪，経歴	
列	レツ	列外，列車，陳列	
劣	レツ	劣等，卑劣，優劣	
劣	おとる	劣る	
烈	レツ	烈火，壮烈，猛烈	
裂	レツ	決裂，破裂，分裂	⇔割く
裂	さく	裂く，八つ裂き	
裂	さける	裂ける，裂け目	
恋（戀）	レン	恋愛，恋慕，失恋	
恋（戀）	こう	恋い慕う，恋い焦がれる	
恋（戀）	こい	恋，初恋，恋する	
恋（戀）	こいしい	恋しい，恋しがる	
連	レン	連合，連続，関連	
連	つらなる	連なる	
連	つらねる	連ねる	
連	つれる	連れる，連れ	
廉	レン	廉価，清廉，破廉恥	
練（練）	レン	練習，試練，熟練	
練（練）	ねる	練る，練り直す	
錬（鍊）	レン	錬金術，鍛錬，精錬	
呂	ロ	風呂	
炉（爐）	ロ	炉辺，暖炉，原子炉	
賂	ロ	賄賂	
路	ロ	路上，道路	
路	じ	家路，旅路，山路	
露	ロ	露出，露店，雨露	
露	ロウ	披露	
露	つゆ	露，夜露	
老	ロウ	老巧，老人，長老	老舗（しにせ）
老	おいる	老いる，老い	
老	ふける	老ける，老け役	
労（勞）	ロウ	労働，労力，疲労	
弄	ロウ	愚弄，翻弄	
弄	もてあそぶ	弄ぶ	
郎（郞）	ロウ	新郎	
朗（朗）	ロウ	朗読，朗々と，明朗	
朗（朗）	ほがらか	朗らかだ，朗らかさ	
浪	ロウ	浪費，波浪，放浪	
廊（廊）	ロウ	廊下，回廊，画廊	
楼（樓）	ロウ	楼閣，鐘楼，望楼	
漏	ロウ	漏電，疎漏，脱漏	
漏	もる	漏る，雨漏り	
漏	もれる	漏れる	
漏	もらす	漏らす	
籠	ロウ	籠城	
籠	かご	籠	
籠	こもる	籠もる	
六	ロク	六月，六法，丈六	
六	む	六月目	
六	むつ	六つ切り	
六	むっつ	六つ	
六	むい	六日	
録（錄）	ロク	録音，記録，実録	
麓	ロク	山麓	
麓	ふもと	麓	
論	ロン	論証，論理，議論	
和	ワ	和解，和服，柔和	日和（ひより）
和	オ	和尚	大和（やまと）
和	やわらぐ	和らぐ	
和	やわらげる	和らげる	
和	なごむ	和む	
和	なごやか	和やかだ	
話	ワ	話題，会話，童話	
話	はなす	話す，話し合い	
話	はなし	話，昔話，立ち話	
賄	ワイ	収賄，贈賄	
賄	まかなう	賄う，賄い	
脇	わき	脇腹，両脇	
惑	ワク	惑星，迷惑，誘惑	
惑	まどう	惑う，惑い	
枠	わく	枠，枠内，窓枠	
湾（灣）	ワン	湾内，湾入，港湾	
腕	ワン	腕章，腕力，敏腕	
腕	うで	腕，腕前，細腕	